id,Year,Crash Descriptor,Time,Date,Day of Week,Police Report,Lighting Conditions,Municipality,Collision Type Descriptor,County Name,Road Descriptor,Weather Conditions,Traffic Control Device,Road Surface Conditions,Event Descriptor,Number of Vehicles Involved,day,month,hour
248,2015,Property Damage Accident,17:04,2015-01-03,Saturday,Y,Dark-Road Unlighted,LAFAYETTE,OVERTAKING,ONONDAGA,Straight and Level,Sleet/Hail/Freezing Rain,None,Snow/Ice,Other Motor Vehicle Collision With,2,3,1,18
249,2015,Property Damage Accident,13:00,2015-01-03,Saturday,Y,Daylight,MONTGOMERY,OTHER,ORANGE,Curve and Level,Snow,None,Snow/Ice,Guide Rail - Not At End Collision With Fixed Object,1,3,1,14
250,2015,Property Damage & Injury Accident,14:15,2015-01-03,Saturday,Y,Daylight,NEWBURGH,REAR END,ORANGE,Straight and Level,Snow,None,Snow/Ice,Other Motor Vehicle Collision With,2,3,1,15
251,2015,Property Damage Accident,16:15,2015-01-03,Saturday,Y,Daylight,NEWBURGH,OTHER,ORANGE,Straight and Level,Snow,None,Snow/Ice,Sign Post Collision With Fixed Object,1,3,1,17
252,2015,Property Damage Accident,13:40,2015-01-03,Saturday,Y,Daylight,NEWBURGH,OTHER,ORANGE,Straight and Level,Snow,None,Snow/Ice,Earth Embankment/Rock Cut/Ditch Collision With Fixed Object,1,3,1,14
253,2015,Property Damage & Injury Accident,4:12,2015-01-04,Sunday,Y,Dark-Road Unlighted,NORTHUMBERLAND,OTHER,SARATOGA,Straight and Level,Sleet/Hail/Freezing Rain,No Passing Zone,Snow/Ice,Guide Rail - Not At End Collision With Fixed Object,1,4,1,5
254,2015,Property Damage Accident,18:00,2015-01-03,Saturday,Y,Dark-Road Unlighted,HAMPTONBURGH,OTHER,ORANGE,Straight and Level,Sleet/Hail/Freezing Rain,None,Snow/Ice,Light Support/Utility Pole Collision With Fixed Object,1,3,1,19
255,2015,Property Damage Accident,18:45,2015-01-03,Saturday,Y,Dark-Road Unlighted,MALTA,OTHER,SARATOGA,Straight and Level,Sleet/Hail/Freezing Rain,None,Slush,Guide Rail - Not At End Collision With Fixed Object,1,3,1,19
256,2015,Property Damage Accident,12:07,2015-01-04,Sunday,Y,Daylight,MALTA,RIGHT ANGLE,SARATOGA,Straight and Level,Cloudy,Stop Sign,Wet,Other Motor Vehicle Collision With,2,4,1,13
257,2015,Property Damage Accident,2:05,2015-01-03,Saturday,Y,Dark-Road Unlighted,HALFMOON,OTHER,SARATOGA,Curve and Level,Cloudy,None,Dry,Guide Rail - Not At End Collision With Fixed Object,1,3,1,3
258,2015,Property Damage Accident,15:02,2015-01-03,Saturday,Y,Daylight,MALTA,RIGHT ANGLE,SARATOGA,Straight and Level,Snow,Stop Sign,Snow/Ice,Other Motor Vehicle Collision With,2,3,1,16
259,2015,Property Damage Accident,18:55,2015-01-03,Saturday,Y,Dark-Road Unlighted,MALTA,OTHER,SARATOGA,Straight and Level,Snow,None,Snow/Ice,Sign Post Collision With Fixed Object,1,3,1,19
260,2015,Property Damage Accident,16:00,2015-01-03,Saturday,Y,Daylight,HALFMOON,OTHER,SARATOGA,Straight and Level,Snow,None,Snow/Ice,Tree Collision With Fixed Object,1,3,1,17
261,2015,Property Damage Accident,15:10,2015-01-03,Saturday,Y,Daylight,HALFMOON,SIDESWIPE,SARATOGA,Curve and Grade,Snow,None,Snow/Ice,Other Motor Vehicle Collision With,2,3,1,16
262,2015,Property Damage & Injury Accident,16:30,2015-01-03,Saturday,Y,Dark-Road Lighted,HALFMOON,HEAD ON,SARATOGA,Straight and Grade,Snow,No Passing Zone,Snow/Ice,Other Motor Vehicle Collision With,2,3,1,17
263,2015,Property Damage & Injury Accident,17:11,2015-01-03,Saturday,Y,Dark-Road Unlighted,CLIFTON PARK,OTHER,SARATOGA,Straight and Grade,Snow,None,Snow/Ice,Guide Rail - Not At End Collision With Fixed Object,1,3,1,18
264,2015,Property Damage Accident,18:00,2015-01-03,Saturday,Y,Dark-Road Unlighted,HALFMOON,OTHER,SARATOGA,Straight and Level,Sleet/Hail/Freezing Rain,None,Snow/Ice,Earth Embankment/Rock Cut/Ditch Collision With Fixed Object,1,3,1,19
265,2015,Property Damage & Injury Accident,17:35,2015-01-03,Saturday,Y,Dark-Road Unlighted,CLIFTON PARK,OTHER,SARATOGA,Straight and Level,Snow,None,Snow/Ice,Earth Embankment/Rock Cut/Ditch Collision With Fixed Object,1,3,1,18
266,2015,Property Damage Accident,19:40,2015-01-03,Saturday,Y,Dark-Road Unlighted,HALFMOON,OTHER,SARATOGA,Straight and Level,Snow,None,Snow/Ice,Guide Rail - Not At End Collision With Fixed Object,1,3,1,20
267,2015,Property Damage Accident,18:50,2015-01-03,Saturday,Y,Dark-Road Unlighted,COLONIE,OTHER,ALBANY,Curve and Grade,Snow,None,Snow/Ice,Guide Rail - Not At End Collision With Fixed Object,1,3,1,19
268,2015,Property Damage & Injury Accident,19:02,2015-01-02,Friday,Y,Dark-Road Unlighted,BEEKMAN,Unknown,DUTCHESS,Straight and Grade,Clear,Traffic Signal,Dry,Other Motor Vehicle Collision With,2,2,1,20
269,2015,Property Damage & Injury Accident,6:20,2015-01-04,Sunday,Y,Dark-Road Unlighted,WILTON,OVERTAKING,SARATOGA,Straight and Level,Sleet/Hail/Freezing Rain,None,Snow/Ice,Other Motor Vehicle Collision With,2,4,1,7
270,2015,Property Damage Accident,20:08,2015-01-03,Saturday,Y,Dark-Road Unlighted,LA GRANGE,OTHER,DUTCHESS,Straight and Level,Snow,None,Snow/Ice,Guide Rail - Not At End Collision With Fixed Object,1,3,1,21
271,2015,Property Damage Accident,16:15,2015-01-03,Saturday,Y,Daylight,LA GRANGE,OTHER,DUTCHESS,Straight and Grade,Sleet/Hail/Freezing Rain,No Passing Zone,Snow/Ice,Other Fixed Object* Collision With Fixed Object,1,3,1,17
272,2015,Property Damage Accident,16:35,2015-01-03,Saturday,Y,Dark-Road Unlighted,QUEENSBURY,OTHER,WARREN,Straight and Level,Snow,None,Snow/Ice,Guide Rail - Not At End Collision With Fixed Object,1,3,1,17
273,2015,Property Damage Accident,21:32,2015-01-03,Saturday,Y,Dark-Road Unlighted,LA GRANGE,OTHER,DUTCHESS,Curve and Grade,Sleet/Hail/Freezing Rain,None,Slush,Guide Rail - Not At End Collision With Fixed Object,1,3,1,22
274,2015,Property Damage Accident,9:33,2015-01-02,Friday,Y,Daylight,WHITEHALL,OTHER,WASHINGTON,Straight and Grade,Clear,No Passing Zone,Dry,Other Motor Vehicle Collision With,3,2,1,10
275,2015,Property Damage & Injury Accident,14:25,2015-01-03,Saturday,Y,Daylight,FORT ANN,REAR END,WASHINGTON,Straight and Level,Cloudy,No Passing Zone,Dry,Other Motor Vehicle Collision With,2,3,1,15
276,2015,Property Damage Accident,16:54,2015-01-02,Friday,Y,Dark-Road Unlighted,GRANVILLE,OTHER,WASHINGTON,Straight and Level,Clear,No Passing Zone,Dry,Deer,1,2,1,17
277,2015,Injury Accident,10:24,2015-01-03,Saturday,Y,Daylight,ELLINGTON,OTHER,CHAUTAUQUA,Straight and Level,Sleet/Hail/Freezing Rain,No Passing Zone,Snow/Ice,Earth Embankment/Rock Cut/Ditch Collision With Fixed Object,1,3,1,11
278,2015,Property Damage Accident,9:58,2015-01-01,Thursday,Y,Daylight,MILLBROOK,RIGHT ANGLE,DUTCHESS,Straight and Level,Clear,None,Dry,Other Motor Vehicle Collision With,2,1,1,10
279,2015,Property Damage Accident,11:34,2015-01-02,Friday,Y,Daylight,GRANVILLE,REAR END,WASHINGTON,Straight and Level,Clear,None,Dry,Other Motor Vehicle Collision With,2,2,1,12
280,2015,Property Damage Accident,13:57,2015-01-03,Saturday,Y,Daylight,PUTNAM VALLEY,OTHER,PUTNAM,Curve and Level,Snow,None,Snow/Ice,Guide Rail - Not At End Collision With Fixed Object,1,3,1,14
281,2015,Property Damage Accident,15:53,2015-01-03,Saturday,Y,Daylight,PUTNAM VALLEY,OTHER,PUTNAM,Curve and Grade,Snow,None,Snow/Ice,Guide Rail - Not At End Collision With Fixed Object,1,3,1,16
282,2015,Property Damage Accident,17:32,2015-01-03,Saturday,Y,Dusk,WAPPINGER,REAR END,DUTCHESS,Straight and Level,Sleet/Hail/Freezing Rain,None,Snow/Ice,Other Motor Vehicle Collision With,2,3,1,18
283,2015,Property Damage Accident,18:45,2015-01-03,Saturday,Y,Dark-Road Unlighted,PUTNAM VALLEY,OTHER,PUTNAM,Curve and Grade,Snow,None,Snow/Ice,Guide Rail - Not At End Collision With Fixed Object,1,3,1,19
284,2015,Property Damage Accident,18:15,2015-01-02,Friday,Y,Dark-Road Unlighted,YORKTOWN,OTHER,WESTCHESTER,Straight and Grade,Clear,None,Dry,Other Motor Vehicle Collision With,2,2,1,19
285,2015,Property Damage Accident,19:05,2015-01-03,Saturday,Y,Dark-Road Unlighted,PUTNAM VALLEY,OTHER,PUTNAM,Curve and Grade,Rain,None,Snow/Ice,Guide Rail - Not At End Collision With Fixed Object,1,3,1,20
286,2015,Property Damage Accident,22:00,2015-01-03,Saturday,Y,Dark-Road Unlighted,PAMELIA,OTHER,JEFFERSON,Straight and Level,Sleet/Hail/Freezing Rain,None,Snow/Ice,Guide Rail - Not At End Collision With Fixed Object,1,3,1,23
287,2015,Property Damage Accident,13:15,2015-01-03,Saturday,Y,Daylight,SOUTHAMPTON,OTHER,SUFFOLK,Straight and Level,Cloudy,None,Dry,Deer,1,3,1,14
288,2015,Property Damage Accident,7:45,2015-01-02,Friday,Y,Daylight,SCHROEPPEL,OTHER,OSWEGO,Straight and Level,Snow,No Passing Zone,Snow/Ice,Earth Embankment/Rock Cut/Ditch Collision With Fixed Object,1,2,1,8
289,2015,Property Damage Accident,21:26,2015-01-03,Saturday,Y,Dark-Road Unlighted,MINETTO,OTHER,OSWEGO,Straight and Level,Snow,No Passing Zone,Snow/Ice,Earth Embankment/Rock Cut/Ditch Collision With Fixed Object,1,3,1,22
290,2015,Property Damage Accident,18:58,2015-01-03,Saturday,Y,Dark-Road Unlighted,GLEN,OTHER,MONTGOMERY,Straight and Level,Sleet/Hail/Freezing Rain,None,Snow/Ice,Guide Rail - Not At End Collision With Fixed Object,1,3,1,19
291,2015,Property Damage Accident,18:58,2015-01-03,Saturday,Y,Dark-Road Unlighted,HANNIBAL,OTHER,OSWEGO,Straight and Level,Sleet/Hail/Freezing Rain,None,Slush,Guide Rail - Not At End Collision With Fixed Object,1,3,1,19
292,2015,Property Damage Accident,11:10,2015-01-03,Saturday,Y,Daylight,BIG FLATS,OTHER,CHEMUNG,Straight and Level,Sleet/Hail/Freezing Rain,None,Snow/Ice,Building/Wall Collision With Fixed Object,1,3,1,12
293,2015,Property Damage Accident,3:50,2015-01-04,Sunday,Y,Dark-Road Unlighted,ALEXANDRIA,OTHER,JEFFERSON,Straight and Grade,Sleet/Hail/Freezing Rain,None,Snow/Ice,Guide Rail - Not At End Collision With Fixed Object,1,4,1,4
294,2015,Property Damage & Injury Accident,11:08,2015-01-03,Saturday,Y,Daylight,HORSEHEADS,OTHER,CHEMUNG,Curve and Level,Snow,None,Snow/Ice,Guide Rail - End Collision With Fixed Object,1,3,1,12
295,2015,Property Damage & Injury Accident,13:08,2015-01-03,Saturday,Y,Daylight,HORSEHEADS,SIDESWIPE,CHEMUNG,Straight and Level,Snow,None,Snow/Ice,Other Motor Vehicle Collision With,2,3,1,14
296,2015,Property Damage Accident,19:19,2015-01-03,Saturday,Y,Dark-Road Unlighted,VAN ETTEN,OTHER,CHEMUNG,Curve and Grade,Sleet/Hail/Freezing Rain,No Passing Zone,Snow/Ice,Overturned Non-Collision,1,3,1,20
297,2015,Property Damage Accident,20:37,2015-01-03,Saturday,Y,Dark-Road Unlighted,PULASKI,OTHER,OSWEGO,Straight and Level,Sleet/Hail/Freezing Rain,None,Slush,Guide Rail - Not At End Collision With Fixed Object,1,3,1,21
298,2015,Property Damage Accident,13:11,2015-01-02,Friday,Y,Daylight,HECTOR,RIGHT ANGLE,SCHUYLER,Curve and Grade,Cloudy,None,Snow/Ice,Other Motor Vehicle Collision With,2,2,1,14
299,2015,Property Damage & Injury Accident,6:30,2015-01-03,Saturday,Y,Dark-Road Lighted,FLORIDA,OTHER,MONTGOMERY,Curve and Level,Clear,No Passing Zone,Dry,Earth Embankment/Rock Cut/Ditch Collision With Fixed Object,1,3,1,7
300,2015,Property Damage Accident,15:48,2015-01-02,Friday,Y,Daylight,AMSTERDAM,OVERTAKING,MONTGOMERY,Straight and Level,Cloudy,Traffic Signal,Dry,Other Motor Vehicle Collision With,2,2,1,16
301,2015,Property Damage Accident,16:30,2015-01-03,Saturday,Y,Dark-Road Lighted,SCHOHARIE,OTHER,SCHOHARIE,Curve at Hill Crest,Snow,No Passing Zone,Snow/Ice,Earth Embankment/Rock Cut/Ditch Collision With Fixed Object,1,3,1,17
302,2015,Property Damage Accident,17:40,2015-01-01,Thursday,Y,Dark-Road Lighted,ONEIDA,REAR END,MADISON,Straight and Level,Cloudy,None,Dry,Other Motor Vehicle Collision With,2,1,1,18
303,2015,Property Damage & Injury Accident,20:51,2015-01-03,Saturday,Y,Dark-Road Unlighted,MAINE,OTHER,BROOME,Straight and Level,Sleet/Hail/Freezing Rain,None,Snow/Ice,Earth Embankment/Rock Cut/Ditch Collision With Fixed Object,1,3,1,21
304,2015,Property Damage & Injury Accident,13:10,2015-01-04,Sunday,Y,Daylight,EAST HILLS,OTHER,NASSAU,Curve and Grade,Cloudy,None,Wet,Guide Rail - Not At End Collision With Fixed Object,1,4,1,14
305,2015,Property Damage Accident,20:10,2015-01-04,Sunday,Y,Dark-Road Lighted,OYSTER BAY,OTHER,NASSAU,Straight and Level,Rain,None,Wet,Guide Rail - Not At End Collision With Fixed Object,1,4,1,21
306,2015,Injury Accident,12:27,2015-01-02,Friday,Y,Daylight,BETHLEHEM,OTHER,ALBANY,Straight and Level,Cloudy,No Passing Zone,Dry,Pedestrian Collision With,1,2,1,13
307,2015,Property Damage Accident,16:55,2015-01-01,Thursday,Y,Dark-Road Unlighted,SOUTHOLD,OTHER,SUFFOLK,Straight and Level,Clear,No Passing Zone,Dry,Deer,1,1,1,17
308,2015,Property Damage & Injury Accident,18:15,2015-01-03,Saturday,Y,Dark-Road Unlighted,DEERPARK,OTHER,ORANGE,Straight and Level,Sleet/Hail/Freezing Rain,None,Snow/Ice,Light Support/Utility Pole Collision With Fixed Object,1,3,1,19
309,2015,Property Damage Accident,7:45,2015-01-05,Monday,Y,Daylight,DEERPARK,RIGHT TURN (6),ORANGE,Straight and Level,Clear,No Passing Zone,Dry,Other Motor Vehicle Collision With,2,5,1,8
310,2015,Property Damage & Injury Accident,22:00,2015-01-03,Saturday,Y,Dark-Road Unlighted,DEERPARK,OTHER,ORANGE,Straight and Grade,Sleet/Hail/Freezing Rain,No Passing Zone,Snow/Ice,Earth Embankment/Rock Cut/Ditch Collision With Fixed Object,1,3,1,23
311,2015,Property Damage & Injury Accident,15:41,2015-01-03,Saturday,Y,Daylight,ALBANY,OTHER,ALBANY,Straight at Hill Crest,Snow,None,Snow/Ice,Other Motor Vehicle Collision With,4,3,1,16
312,2015,Property Damage Accident,8:20,2015-01-05,Monday,Y,Daylight,ALBANY,REAR END,ALBANY,Straight and Grade,Clear,None,Dry,Other Motor Vehicle Collision With,2,5,1,9
313,2015,Property Damage Accident,5:24,2015-01-01,Thursday,Y,Dark-Road Unlighted,LYONS,OTHER,WAYNE,Straight and Level,Cloudy,None,Dry,Deer,1,1,1,6
314,2015,Property Damage Accident,1:00,2015-01-02,Friday,Y,Dark-Road Unlighted,PALMYRA,OTHER,WAYNE,Curve and Grade,Snow,No Passing Zone,Snow/Ice,Guide Rail - Not At End Collision With Fixed Object,1,2,1,2
315,2015,Property Damage Accident,16:33,2015-01-03,Saturday,Y,Dusk,LYONS,OTHER,WAYNE,Curve and Grade,Sleet/Hail/Freezing Rain,No Passing Zone,Snow/Ice,Sign Post Collision With Fixed Object,1,3,1,17
316,2015,Property Damage & Injury Accident,16:45,2015-01-03,Saturday,Y,Dark-Road Lighted,HEMPSTEAD,RIGHT ANGLE,NASSAU,Straight and Level,Rain,None,Wet,Other Motor Vehicle Collision With,2,3,1,17
317,2015,Property Damage Accident,14:15,2015-01-03,Saturday,Y,Daylight,HEMPSTEAD,REAR END,NASSAU,Straight and Level,Rain,Traffic Signal,Wet,Other Motor Vehicle Collision With,2,3,1,15
318,2015,Property Damage & Injury Accident,13:30,2015-01-01,Thursday,Y,Daylight,NORTH HEMPSTEAD,REAR END,NASSAU,Straight and Level,Clear,None,Dry,Other Motor Vehicle Collision With,2,1,1,14
319,2015,Injury Accident,18:40,2015-01-03,Saturday,Y,Dark-Road Lighted,OYSTER BAY,REAR END,NASSAU,Straight and Level,Rain,Traffic Signal,Wet,Other Motor Vehicle Collision With,2,3,1,19
320,2015,Property Damage Accident,12:55,2015-01-02,Friday,Y,Daylight,HEMPSTEAD,OTHER,NASSAU,Straight and Level,Cloudy,None,Dry,Tree Collision With Fixed Object,1,2,1,13
321,2015,Property Damage Accident,20:55,2015-01-04,Sunday,Y,Dark-Road Lighted,OYSTER BAY,RIGHT ANGLE,NASSAU,Straight and Level,Rain,None,Wet,Other Motor Vehicle Collision With,2,4,1,21
322,2015,Property Damage Accident,12:30,2015-01-04,Sunday,Y,Daylight,HEMPSTEAD,REAR END,NASSAU,Straight and Level,Rain,None,Wet,Other Motor Vehicle Collision With,2,4,1,13
323,2015,Property Damage & Injury Accident,14:50,2015-01-04,Sunday,Y,Daylight,HEMPSTEAD,RIGHT ANGLE,NASSAU,Straight and Level,Cloudy,Traffic Signal,Wet,Other Motor Vehicle Collision With,2,4,1,15
324,2015,Property Damage Accident,17:55,2015-01-04,Sunday,Y,Dark-Road Lighted,HEMPSTEAD,OVERTAKING,NASSAU,Straight and Level,Cloudy,None,Wet,Other Motor Vehicle Collision With,2,4,1,18
325,2015,Property Damage Accident,6:43,2015-01-05,Monday,Y,Dawn,OYSTER BAY,LEFT TURN (3),NASSAU,Straight and Level,Cloudy,Traffic Signal,Dry,Other Motor Vehicle Collision With,2,5,1,7
326,2015,Property Damage Accident,11:15,2015-01-05,Monday,Y,Daylight,HEMPSTEAD,RIGHT ANGLE,NASSAU,Straight and Level,Clear,None,Dry,Other Motor Vehicle Collision With,2,5,1,12
327,2015,Property Damage Accident,18:00,2015-01-02,Friday,Y,Dark-Road Lighted,HEMPSTEAD,REAR END,NASSAU,Straight and Level,Clear,None,Dry,Other Motor Vehicle Collision With,2,2,1,19
328,2015,Property Damage Accident,7:00,2015-01-05,Monday,Y,Daylight,MASSAPEQUA PARK,OVERTAKING,NASSAU,Straight and Level,Clear,None,Dry,Other Motor Vehicle Collision With,2,5,1,8
329,2015,Property Damage Accident,18:40,2015-01-03,Saturday,Y,Dark-Road Lighted,OYSTER BAY,OVERTAKING,NASSAU,Straight and Level,Rain,None,Wet,Other Motor Vehicle Collision With,2,3,1,19
330,2015,Property Damage & Injury Accident,17:15,2015-01-04,Sunday,Y,Dark-Road Lighted,HEMPSTEAD,OTHER,NASSAU,Straight and Level,Cloudy,Traffic Signal,Wet,Other Motor Vehicle Collision With,4,4,1,18
331,2015,Property Damage Accident,15:45,2015-01-02,Friday,Y,Daylight,ROME,OVERTAKING,ONEIDA,Straight and Level,Snow,None,Snow/Ice,Other Motor Vehicle Collision With,2,2,1,16
332,2015,Property Damage Accident,12:15,2015-01-05,Monday,Y,Daylight,OYSTER BAY,LEFT TURN (3),NASSAU,Straight and Level,Cloudy,Traffic Signal,Dry,Other Motor Vehicle Collision With,2,5,1,13
333,2015,Property Damage Accident,16:16,2015-01-05,Monday,Y,Dusk,ROME,REAR END,ONEIDA,Straight and Level,Snow,None,Snow/Ice,Other Motor Vehicle Collision With,2,5,1,17
334,2015,Fatal Accident,9:51,2015-01-02,Friday,Y,Daylight,STERLING,RIGHT ANGLE,CAYUGA,Straight and Level,Snow,None,Snow/Ice,Other Motor Vehicle Collision With,2,2,1,10
335,2015,Property Damage Accident,2:00,2015-01-01,Thursday,Y,Dark-Road Lighted,HEMPSTEAD,OVERTAKING,NASSAU,Straight and Level,Clear,None,Dry,Other Motor Vehicle Collision With,2,1,1,3
336,2015,Property Damage Accident,22:00,2015-01-01,Thursday,Y,Dark-Road Lighted,ROCHESTER,REAR END,MONROE,Straight and Grade,Snow,None,Snow/Ice,Other Motor Vehicle Collision With,2,1,1,23
337,2015,Property Damage & Injury Accident,3:35,2015-01-01,Thursday,Y,Dark-Road Unlighted,WALLKILL,OTHER,ORANGE,Straight and Level,Clear,None,Dry,Earth Embankment/Rock Cut/Ditch Collision With Fixed Object,1,1,1,4
338,2015,Property Damage Accident,6:38,2015-01-01,Thursday,Y,Dark-Road Unlighted,NORTH SALEM,OVERTAKING,WESTCHESTER,Curve and Level,Clear,None,Dry,Other Motor Vehicle Collision With,2,1,1,7
339,2015,Property Damage Accident,11:13,2015-01-01,Thursday,Y,Daylight,ALBANY,SIDESWIPE,ALBANY,Straight and Level,Cloudy,None,Dry,Other Motor Vehicle Collision With,2,1,1,12
340,2015,Property Damage Accident,0:00,2015-01-01,Thursday,Y,Dark-Road Lighted,ALBANY,OVERTAKING,ALBANY,Straight and Level,Clear,None,Dry,Other Motor Vehicle Collision With,2,1,1,1
341,2015,Property Damage & Injury Accident,1:15,2015-01-01,Thursday,Y,Dark-Road Lighted,HEMPSTEAD,OTHER,NASSAU,Straight and Level,Clear,Traffic Signal,Dry,Other Motor Vehicle Collision With,2,1,1,2
342,2015,Property Damage & Injury Accident,19:15,2015-01-01,Thursday,Y,Dark-Road Lighted,HEMPSTEAD,RIGHT ANGLE,NASSAU,Straight and Level,Clear,Traffic Signal,Dry,Other Motor Vehicle Collision With,2,1,1,20
343,2015,Property Damage Accident,0:00,2015-01-02,Friday,Y,Unknown,NEWBURGH,REAR END,ORANGE,Straight and Level,Cloudy,None,Dry,Other Motor Vehicle Collision With,2,2,1,1
344,2015,Property Damage Accident,14:05,2015-01-02,Friday,Y,Daylight,MIDDLETOWN,RIGHT ANGLE,ORANGE,Straight and Grade,Clear,Traffic Signal,Dry,Other Motor Vehicle Collision With,2,2,1,15
345,2015,Property Damage & Injury Accident,23:45,2015-01-01,Thursday,Y,Dark-Road Lighted,HEMPSTEAD,HEAD ON,NASSAU,Straight and Level,Clear,None,Dry,Other Motor Vehicle Collision With,2,1,1,24
346,2015,Property Damage Accident,14:13,2015-01-02,Friday,Y,Daylight,TROY,RIGHT ANGLE,RENSSELAER,Straight and Grade,Clear,Stop Sign,Dry,Other Motor Vehicle Collision With,2,2,1,15
347,2015,Property Damage Accident,9:19,2015-01-01,Thursday,Y,Daylight,SLOATSBURG,SIDESWIPE,ROCKLAND,Straight and Level,Clear,None,Dry,Other Motor Vehicle Collision With,2,1,1,10
348,2015,Property Damage & Injury Accident,13:42,2015-01-03,Saturday,Y,Daylight,WHEATFIELD,OTHER,NIAGARA,Straight and Level,Cloudy,None,Snow/Ice,Earth Embankment/Rock Cut/Ditch Collision With Fixed Object,1,3,1,14
349,2015,Property Damage Accident,9:48,2015-01-03,Saturday,Y,Daylight,HEMPSTEAD,OVERTAKING,NASSAU,Straight and Level,Cloudy,None,Dry,Other Motor Vehicle Collision With,2,3,1,10
350,2015,Property Damage & Injury Accident,18:55,2015-01-02,Friday,Y,Dark-Road Lighted,HEMPSTEAD,OTHER,NASSAU,Straight and Level,Clear,Traffic Signal,Dry,Other Motor Vehicle Collision With,3,2,1,19
351,2015,Property Damage Accident,17:43,2015-01-03,Saturday,Y,Dark-Road Lighted,OYSTER BAY,REAR END,NASSAU,Straight and Level,Rain,None,Wet,Other Motor Vehicle Collision With,2,3,1,18
352,2015,Property Damage & Injury Accident,17:33,2015-01-03,Saturday,Y,Dark-Road Lighted,TROY,OTHER,RENSSELAER,Straight at Hill Crest,Snow,None,Snow/Ice,Other Motor Vehicle Collision With,4,3,1,18
353,2015,Property Damage & Injury Accident,14:55,2015-01-03,Saturday,Y,Daylight,LA GRANGE,REAR END,DUTCHESS,Curve at Hill Crest,Snow,None,Snow/Ice,Other Motor Vehicle Collision With,2,3,1,15
354,2015,Property Damage & Injury Accident,13:30,2015-01-03,Saturday,Y,Daylight,CLARKSTOWN,REAR END,ROCKLAND,Straight and Grade,Snow,None,Snow/Ice,Other Motor Vehicle Collision With,2,3,1,14
355,2015,Injury Accident,8:05,2015-01-03,Saturday,Y,Daylight,WEST HAVERSTRAW,REAR END,ROCKLAND,Straight and Level,Clear,Traffic Signal,Dry,Other Motor Vehicle Collision With,2,3,1,9
356,2015,Property Damage Accident,19:36,2015-01-03,Saturday,Y,Dark-Road Unlighted,WALLKILL,OTHER,ORANGE,Straight and Grade,Rain,None,Slush,Other Fixed Object* Collision With Fixed Object,1,3,1,20
357,2015,Injury Accident,13:26,2015-01-03,Saturday,Y,Daylight,LOCKPORT,HEAD ON,NIAGARA,Straight and Level,Sleet/Hail/Freezing Rain,None,Snow/Ice,Other Motor Vehicle Collision With,2,3,1,14
358,2015,Property Damage Accident,17:26,2015-01-02,Friday,Y,Dark-Road Lighted,LAKE SUCCESS,REAR END,NASSAU,Straight and Level,Clear,None,Dry,Other Motor Vehicle Collision With,2,2,1,18
359,2015,Property Damage Accident,15:32,2015-01-03,Saturday,Y,Daylight,MONROE,OTHER,ORANGE,Straight and Grade,Snow,None,Snow/Ice,Guide Rail - Not At End Collision With Fixed Object,1,3,1,16
360,2015,Property Damage Accident,13:42,2015-01-03,Saturday,Y,Daylight,MONROE,REAR END,ORANGE,Straight and Level,Snow,None,Snow/Ice,Other Motor Vehicle Collision With,2,3,1,14
361,2015,Property Damage Accident,1:45,2015-01-01,Thursday,Y,Dark-Road Lighted,WELLSBURG,Unknown,CHEMUNG,Straight and Level,Cloudy,None,Dry,Other Motor Vehicle Collision With,2,1,1,2
362,2015,Property Damage Accident,12:05,2015-01-02,Friday,Y,Daylight,WATERTOWN,REAR END,JEFFERSON,Straight and Level,Cloudy,None,Dry,Other Motor Vehicle Collision With,2,2,1,13
363,2015,Property Damage Accident,15:07,2015-01-03,Saturday,Y,Daylight,ALBANY,OVERTAKING,ALBANY,Straight and Level,Snow,None,Snow/Ice,Other Motor Vehicle Collision With,2,3,1,16
364,2015,Property Damage Accident,14:36,2015-01-03,Saturday,Y,Daylight,ALBANY,RIGHT ANGLE,ALBANY,Straight and Level,Snow,Stop Sign,Snow/Ice,Other Motor Vehicle Collision With,2,3,1,15
365,2015,Property Damage Accident,14:00,2015-01-03,Saturday,Y,Daylight,OYSTER BAY,OVERTAKING,NASSAU,Straight and Level,Snow,None,Snow/Ice,Other Motor Vehicle Collision With,2,3,1,15
366,2015,Property Damage Accident,13:48,2015-01-03,Saturday,Y,Daylight,CORNWALL,RIGHT ANGLE,ORANGE,Straight and Level,Snow,No Passing Zone,Snow/Ice,Other Motor Vehicle Collision With,2,3,1,14
367,2015,Property Damage Accident,17:10,2015-01-04,Sunday,Y,Dusk,NEW PALTZ,Unknown,ULSTER,Straight and Level,Clear,None,Wet,Other Motor Vehicle Collision With,2,4,1,18
368,2015,Property Damage Accident,14:30,2015-01-04,Sunday,Y,Daylight,HEMPSTEAD,OVERTAKING,NASSAU,Straight and Level,Cloudy,None,Wet,Other Motor Vehicle Collision With,2,4,1,15
369,2015,Property Damage Accident,3:00,2015-01-04,Sunday,Y,Dark-Road Lighted,HEMPSTEAD,OVERTAKING,NASSAU,Straight and Level,Rain,None,Wet,Other Motor Vehicle Collision With,2,4,1,4
370,2015,Property Damage Accident,14:53,2015-01-04,Sunday,Y,Daylight,GATES,Unknown,MONROE,Straight and Level,Cloudy,None,Wet,Other Motor Vehicle Collision With,2,4,1,15