id,Year,Crash Descriptor,Time,Date,Day of Week,Police Report,Lighting Conditions,Municipality,Collision Type Descriptor,County Name,Road Descriptor,Weather Conditions,Traffic Control Device,Road Surface Conditions,Event Descriptor,Number of Vehicles Involved,day,month,hour
371,2015,Property Damage Accident,1:00,2015-01-01,Thursday,Y,Dark-Road Lighted,SYRACUSE,OVERTAKING,ONONDAGA,Straight and Grade,Cloudy,None,Dry,Other Motor Vehicle Collision With,2,1,1,2
372,2015,Property Damage Accident,22:15,2015-01-04,Sunday,Y,Dark-Road Lighted,RAMAPO,REAR END,ROCKLAND,Curve and Grade,Rain,None,Slush,Other Motor Vehicle Collision With,2,4,1,23
373,2015,Property Damage Accident,0:00,2015-01-01,Thursday,Y,Dark-Road Unlighted,CORTLAND,OVERTAKING,CORTLAND,Straight and Level,Unknown,None,Unknown,Other Motor Vehicle Collision With,2,1,1,1
374,2015,Property Damage Accident,19:55,2015-01-04,Sunday,Y,Dark-Road Lighted,WEST SENECA,RIGHT ANGLE,ERIE,Straight and Level,Rain,None,Wet,Other Motor Vehicle Collision With,2,4,1,20
375,2015,Property Damage & Injury Accident,17:07,2015-01-02,Friday,Y,Dark-Road Unlighted,LE RAY,REAR END,JEFFERSON,Straight and Level,Clear,None,Dry,Other Motor Vehicle Collision With,2,2,1,18
376,2015,Property Damage Accident,20:04,2015-01-03,Saturday,Y,Dark-Road Unlighted,BARKER,OTHER,BROOME,Straight and Grade,Sleet/Hail/Freezing Rain,None,Snow/Ice,Sign Post Collision With Fixed Object,1,3,1,21
377,2015,Property Damage Accident,2:00,2015-01-04,Sunday,Y,Dark-Road Lighted,RIVERHEAD,OVERTAKING,SUFFOLK,Straight and Level,Rain,No Passing Zone,Wet,Other Motor Vehicle Collision With,2,4,1,3
378,2015,Property Damage Accident,1:00,2015-01-04,Sunday,Y,Dark-Road Lighted,HEMPSTEAD,OVERTAKING,NASSAU,Straight and Level,Rain,None,Wet,Other Motor Vehicle Collision With,2,4,1,2
379,2015,Property Damage & Injury Accident,9:20,2015-01-04,Sunday,Y,Daylight,BROOKHAVEN,OTHER,SUFFOLK,Straight and Level,Rain,None,Wet,Guide Rail - Not At End Collision With Fixed Object,1,4,1,10
380,2015,Property Damage Accident,2:40,2015-01-04,Sunday,Y,Dark-Road Unlighted,ISLIP,OVERTAKING,SUFFOLK,Straight and Level,Rain,None,Wet,Other Motor Vehicle Collision With,2,4,1,3
381,2015,Property Damage Accident,9:45,2015-01-04,Sunday,Y,Daylight,SHAWANGUNK,OTHER,ULSTER,Curve and Grade,Cloudy,None,Slush,Other Motor Vehicle Collision With,3,4,1,10
382,2015,Property Damage & Injury Accident,14:32,2015-01-04,Sunday,Y,Daylight,SHAWANGUNK,OTHER,ULSTER,Straight and Level,Fog/Smog/Smoke,None,Slush,Tree Collision With Fixed Object,1,4,1,15
383,2015,Property Damage Accident,16:54,2015-01-02,Friday,Y,Dusk,HALFMOON,SIDESWIPE,SARATOGA,Straight and Level,Clear,None,Dry,Other Motor Vehicle Collision With,2,2,1,17
384,2015,Property Damage Accident,9:01,2015-01-04,Sunday,Y,Daylight,HALFMOON,OTHER,SARATOGA,Straight and Level,Sleet/Hail/Freezing Rain,None,Snow/Ice,Light Support/Utility Pole Collision With Fixed Object,1,4,1,10
385,2015,Injury Accident,12:22,2015-01-02,Friday,Y,Daylight,FORT ANN,REAR END,WASHINGTON,Straight and Level,Cloudy,Traffic Signal,Dry,Other Motor Vehicle Collision With,2,2,1,13
386,2015,Property Damage Accident,9:45,2015-01-02,Friday,Y,Daylight,MOUNT KISCO,OTHER,WESTCHESTER,Straight and Level,Cloudy,None,Dry,Guide Rail - Not At End Collision With Fixed Object,1,2,1,10
387,2015,Property Damage Accident,15:00,2015-01-03,Saturday,Y,Daylight,NEW CASTLE,OTHER,WESTCHESTER,Straight and Level,Snow,None,Snow/Ice,Guide Rail - Not At End Collision With Fixed Object,1,3,1,16
388,2015,Property Damage & Injury Accident,20:29,2015-01-02,Friday,Y,Dark-Road Lighted,YONKERS,HEAD ON,WESTCHESTER,Straight and Level,Clear,Traffic Signal,Dry,Other Motor Vehicle Collision With,2,2,1,21
389,2015,Property Damage Accident,18:09,2015-01-02,Friday,Y,Dark-Road Lighted,MOUNT VERNON,OTHER,WESTCHESTER,Straight and Grade,Clear,None,Dry,Other Motor Vehicle Collision With,3,2,1,19
390,2015,Property Damage Accident,14:02,2015-01-05,Monday,Y,Daylight,NEW ROCHELLE,OVERTAKING,WESTCHESTER,Curve and Level,Clear,None,Dry,Other Motor Vehicle Collision With,2,5,1,15
391,2015,Property Damage Accident,15:48,2015-01-03,Saturday,Y,Daylight,HARRISON,OTHER,WESTCHESTER,Curve and Grade,Sleet/Hail/Freezing Rain,None,Snow/Ice,Guide Rail - Not At End Collision With Fixed Object,2,3,1,16
392,2015,Property Damage Accident,17:35,2015-01-04,Sunday,Y,Dark-Road Lighted,MOUNT VERNON,REAR END,WESTCHESTER,Straight and Level,Cloudy,None,Wet,Other Motor Vehicle Collision With,2,4,1,18
393,2015,Property Damage & Injury Accident,22:35,2015-01-04,Sunday,Y,Dark-Road Unlighted,WHITE PLAINS,OTHER,WESTCHESTER,Curve and Level,Rain,None,Wet,Median - Not At End Collision With Fixed Object,1,4,1,23
394,2015,Injury Accident,22:30,2015-01-04,Sunday,Y,Dark-Road Unlighted,SCARSDALE,REAR END,WESTCHESTER,Straight and Level,Clear,None,Wet,Other Motor Vehicle Collision With,2,4,1,23
395,2015,Property Damage Accident,16:00,2015-01-03,Saturday,Y,Daylight,MOUNT PLEASANT,RIGHT ANGLE,WESTCHESTER,Straight and Level,Snow,None,Snow/Ice,Other Motor Vehicle Collision With,2,3,1,17
396,2015,Property Damage Accident,13:50,2015-01-02,Friday,Y,Daylight,,OTHER,WESTCHESTER,Straight and Level,Clear,None,Dry,Curbing Collision With Fixed Object,1,2,1,14
397,2015,Property Damage & Injury Accident,12:45,2015-01-03,Saturday,Y,Daylight,GREENBURGH,OTHER,WESTCHESTER,Curve and Grade,Snow,None,Snow/Ice,Guide Rail - Not At End Collision With Fixed Object,1,3,1,13
398,2015,Property Damage Accident,15:00,2015-01-03,Saturday,Y,Daylight,ELMSFORD,OTHER,WESTCHESTER,Curve and Grade,Snow,None,Snow/Ice,Guide Rail - Not At End Collision With Fixed Object,1,3,1,16
399,2015,Property Damage Accident,17:18,2015-01-03,Saturday,Y,Dark-Road Unlighted,YONKERS,REAR END,WESTCHESTER,Straight and Grade,Rain,Traffic Signal,Wet,Other Motor Vehicle Collision With,2,3,1,18
400,2015,Property Damage Accident,15:00,2015-01-03,Saturday,Y,Daylight,WHITE PLAINS,HEAD ON,WESTCHESTER,Straight and Level,Snow,None,Snow/Ice,Other Motor Vehicle Collision With,2,3,1,16
401,2015,Property Damage Accident,15:50,2015-01-02,Friday,Y,Daylight,GREENBURGH,OTHER,WESTCHESTER,Curve and Grade,Clear,Yield Sign,Dry,Sign Post Collision With Fixed Object,1,2,1,16
402,2015,Property Damage Accident,19:19,2015-01-02,Friday,Y,Dark-Road Lighted,MOUNT VERNON,OTHER,WESTCHESTER,Straight and Grade,Clear,None,Dry,Other Motor Vehicle Collision With,3,2,1,20
403,2015,Property Damage Accident,14:12,2015-01-03,Saturday,Y,Daylight,WHITE PLAINS,OTHER,WESTCHESTER,Curve and Grade,Snow,None,Snow/Ice,Median - Not At End Collision With Fixed Object,1,3,1,15
404,2015,Property Damage Accident,21:37,2015-01-04,Sunday,Y,Dark-Road Lighted,MOUNT VERNON,OTHER,WESTCHESTER,Curve and Level,Rain,None,Wet,Tree Collision With Fixed Object,1,4,1,22
405,2015,Property Damage Accident,6:14,2015-01-03,Saturday,Y,Dark-Road Unlighted,HASTINGS ON HUDSON,OTHER,WESTCHESTER,Straight and Level,Clear,None,Dry,Ran Off Roadway Only Non-Collision,1,3,1,7
406,2015,Injury Accident,22:56,2015-01-03,Saturday,Y,Dark-Road Lighted,WHITE PLAINS,LEFT TURN (3),WESTCHESTER,Straight and Level,Rain,Traffic Signal,Wet,Other Motor Vehicle Collision With,2,3,1,23
407,2015,Property Damage Accident,15:54,2015-01-03,Saturday,Y,Dusk,MOUNT KISCO,OTHER,WESTCHESTER,Curve and Grade,Snow,None,Snow/Ice,Guide Rail - Not At End Collision With Fixed Object,1,3,1,16
408,2015,Property Damage & Injury Accident,7:05,2015-01-04,Sunday,Y,Daylight,WHITE PLAINS,OTHER,WESTCHESTER,Curve and Level,Rain,None,Wet,Guide Rail - Not At End Collision With Fixed Object,1,4,1,8
409,2015,Property Damage & Injury Accident,8:04,2015-01-04,Sunday,Y,Daylight,EASTCHESTER,REAR END,WESTCHESTER,Straight and Level,Rain,Traffic Signal,Wet,Other Motor Vehicle Collision With,2,4,1,9
410,2015,Property Damage Accident,13:45,2015-01-03,Saturday,Y,Daylight,WHITE PLAINS,OVERTAKING,WESTCHESTER,Straight and Level,Snow,None,Snow/Ice,Other Motor Vehicle Collision With,2,3,1,14
411,2015,Property Damage Accident,15:38,2015-01-03,Saturday,Y,Daylight,WATERFORD,OTHER,SARATOGA,Curve and Level,Sleet/Hail/Freezing Rain,No Passing Zone,Snow/Ice,Guide Rail - Not At End Collision With Fixed Object,1,3,1,16
412,2015,Property Damage Accident,10:41,2015-01-04,Sunday,Y,Daylight,WOODSTOCK,OTHER,ULSTER,Straight and Level,Cloudy,None,Snow/Ice,Guide Rail - Not At End Collision With Fixed Object,1,4,1,11
413,2015,Property Damage Accident,13:56,2015-01-01,Thursday,Y,Daylight,WHITE PLAINS,OVERTAKING,WESTCHESTER,Straight and Level,Clear,Traffic Signal,Dry,Other Motor Vehicle Collision With,2,1,1,14
414,2015,Property Damage Accident,17:01,2015-01-02,Friday,Y,Dark-Road Unlighted,WOODSTOCK,OTHER,ULSTER,Curve and Level,Clear,None,Dry,Deer,1,2,1,18
415,2015,Property Damage Accident,18:31,2015-01-03,Saturday,Y,Dark-Road Unlighted,WOODSTOCK,OTHER,ULSTER,Curve and Level,Snow,None,Snow/Ice,Other Fixed Object* Collision With Fixed Object,1,3,1,19
416,2015,Property Damage Accident,16:28,2015-01-03,Saturday,Y,Dark-Road Lighted,BEACON,REAR END,DUTCHESS,Straight and Grade,Snow,No Passing Zone,Snow/Ice,Other Motor Vehicle Collision With,2,3,1,17
417,2015,Property Damage & Injury Accident,21:54,2015-01-03,Saturday,Y,Dark-Road Unlighted,COLONIE,RIGHT ANGLE,ALBANY,Straight and Grade,Sleet/Hail/Freezing Rain,None,Snow/Ice,Other Motor Vehicle Collision With,2,3,1,22
418,2015,Property Damage Accident,11:41,2015-01-03,Saturday,Y,Daylight,COLONIE,OTHER,ALBANY,Straight and Level,Snow,Traffic Signal,Snow/Ice,Other Motor Vehicle Collision With,3,3,1,12
419,2015,Property Damage & Injury Accident,14:41,2015-01-02,Friday,Y,Daylight,COLONIE,LEFT TURN (0),ALBANY,Straight and Grade,Cloudy,None,Dry,Other Motor Vehicle Collision With,2,2,1,15
420,2015,Property Damage Accident,15:16,2015-01-03,Saturday,Y,Daylight,GHENT,REAR END,COLUMBIA,Straight and Level,Snow,Stop Sign,Snow/Ice,Other Motor Vehicle Collision With,2,3,1,16
421,2015,Property Damage Accident,18:48,2015-01-03,Saturday,Y,Dark-Road Lighted,PLATTSBURG,REAR END,CLINTON,Straight and Level,Snow,Traffic Signal,Snow/Ice,Other Motor Vehicle Collision With,2,3,1,19
422,2015,Property Damage Accident,10:37,2015-01-02,Friday,Y,Daylight,COLONIE,RIGHT ANGLE,ALBANY,Straight and Grade,Cloudy,None,Dry,Other Motor Vehicle Collision With,2,2,1,11
423,2015,Property Damage Accident,16:07,2015-01-02,Friday,Y,Daylight,COLONIE,REAR END,ALBANY,Straight and Level,Cloudy,None,Dry,Other Motor Vehicle Collision With,2,2,1,17
424,2015,Property Damage Accident,13:42,2015-01-04,Sunday,Y,Daylight,COLONIE,LEFT TURN (3),ALBANY,Curve and Grade,Cloudy,Other,Wet,Other Motor Vehicle Collision With,2,4,1,14
425,2015,Property Damage Accident,15:45,2015-01-03,Saturday,Y,Daylight,COLONIE,RIGHT ANGLE,ALBANY,Straight and Grade,Snow,None,Snow/Ice,Other Motor Vehicle Collision With,2,3,1,16
426,2015,Property Damage & Injury Accident,10:01,2015-01-03,Saturday,Y,Daylight,COLONIE,OTHER,ALBANY,Curve at Hill Crest,Cloudy,None,Dry,Tree Collision With Fixed Object,1,3,1,11
427,2015,Property Damage & Injury Accident,15:42,2015-01-03,Saturday,Y,Daylight,COLONIE,REAR END,ALBANY,Straight and Level,Snow,None,Snow/Ice,Other Motor Vehicle Collision With,2,3,1,16
428,2015,Property Damage Accident,14:58,2015-01-03,Saturday,Y,Daylight,COLONIE,OTHER,ALBANY,Curve and Level,Snow,None,Snow/Ice,Guide Rail - Not At End Collision With Fixed Object,1,3,1,15
429,2015,Property Damage Accident,16:20,2015-01-03,Saturday,Y,Dark-Road Lighted,COLONIE,OTHER,ALBANY,Straight and Grade,Sleet/Hail/Freezing Rain,Traffic Signal,Snow/Ice,Light Support/Utility Pole Collision With Fixed Object,1,3,1,17
430,2015,Property Damage Accident,18:41,2015-01-03,Saturday,Y,Dark-Road Lighted,COLONIE,OVERTAKING,ALBANY,Straight and Level,Sleet/Hail/Freezing Rain,None,Snow/Ice,Other Motor Vehicle Collision With,2,3,1,19
431,2015,Property Damage & Injury Accident,14:48,2015-01-03,Saturday,Y,Daylight,COLONIE,OTHER,ALBANY,Straight and Level,Snow,Traffic Signal,Snow/Ice,Other Motor Vehicle Collision With,3,3,1,15
432,2015,Property Damage Accident,11:31,2015-01-02,Friday,Y,Daylight,COLONIE,LEFT TURN (3),ALBANY,Straight and Level,Cloudy,Stop Sign,Dry,Other Motor Vehicle Collision With,2,2,1,12
433,2015,Property Damage Accident,12:02,2015-01-02,Friday,Y,Daylight,COLONIE,OVERTAKING,ALBANY,Straight and Level,Cloudy,None,Dry,Other Motor Vehicle Collision With,2,2,1,13
434,2015,Property Damage Accident,14:55,2015-01-05,Monday,Y,Daylight,CRAWFORD,OTHER,ORANGE,Curve and Grade,Clear,None,Dry,Earth Embankment/Rock Cut/Ditch Collision With Fixed Object,1,5,1,15
435,2015,Property Damage & Injury Accident,13:33,2015-01-03,Saturday,Y,Daylight,CRAWFORD,OTHER,ORANGE,Curve and Grade,Snow,None,Snow/Ice,Other Motor Vehicle Collision With,3,3,1,14
436,2015,Property Damage Accident,17:17,2015-01-01,Thursday,Y,Dark-Road Lighted,QUEENSBURY,OTHER,WARREN,Straight and Grade,Cloudy,None,Dry,Deer,2,1,1,18
437,2015,Injury Accident,17:37,2015-01-03,Saturday,Y,Dusk,QUEENSBURY,OTHER,WARREN,Curve and Level,Snow,None,Snow/Ice,Other Fixed Object* Collision With Fixed Object,1,3,1,18
438,2015,Property Damage Accident,16:33,2015-01-03,Saturday,Y,Dusk,QUEENSBURY,OTHER,WARREN,Straight and Level,Snow,None,Snow/Ice,Guide Rail - Not At End Collision With Fixed Object,1,3,1,17
439,2015,Property Damage Accident,7:43,2015-01-02,Friday,Y,Daylight,JOHNSBURG,SIDESWIPE,WARREN,Straight and Level,Snow,None,Snow/Ice,Other Motor Vehicle Collision With,2,2,1,8
440,2015,Property Damage Accident,0:07,2015-01-04,Sunday,Y,Dark-Road Unlighted,QUEENSBURY,OTHER,WARREN,Straight and Level,Sleet/Hail/Freezing Rain,None,Snow/Ice,Guide Rail - Not At End Collision With Fixed Object,1,4,1,1
441,2015,Property Damage Accident,18:18,2015-01-02,Friday,Y,Dark-Road Lighted,WARRENSBURG,OTHER,WARREN,Straight and Grade,Clear,None,Dry,Snow Embankment Collision With Fixed Object,1,2,1,19
442,2015,Property Damage Accident,15:26,2015-01-03,Saturday,Y,Daylight,GREENBURGH,OTHER,WESTCHESTER,Straight and Level,Snow,None,Snow/Ice,Other Motor Vehicle Collision With,2,3,1,16
443,2015,Property Damage & Injury Accident,17:27,2015-01-01,Thursday,Y,Dark-Road Unlighted,NEW WINDSOR,HEAD ON,ORANGE,Curve and Grade,Clear,No Passing Zone,Dry,Other Motor Vehicle Collision With,2,1,1,18
444,2015,Property Damage & Injury Accident,14:29,2015-01-03,Saturday,Y,Daylight,HARTLAND,OTHER,NIAGARA,Curve and Level,Sleet/Hail/Freezing Rain,None,Slush,Light Support/Utility Pole Collision With Fixed Object,1,3,1,15
445,2015,Property Damage & Injury Accident,22:26,2015-01-02,Friday,Y,Dark-Road Lighted,NEWBURGH,RIGHT ANGLE,ORANGE,Straight and Level,Clear,Traffic Signal,Dry,Other Motor Vehicle Collision With,2,2,1,23
446,2015,Property Damage & Injury Accident,12:47,2015-01-02,Friday,Y,Daylight,LOCKPORT,LEFT TURN (3),NIAGARA,Straight and Level,Clear,None,Dry,Other Motor Vehicle Collision With,2,2,1,13
447,2015,Property Damage & Injury Accident,3:56,2015-01-01,Thursday,Y,Dark-Road Lighted,NEWBURGH,OTHER,ORANGE,Straight and Grade,Clear,Stop Sign,Dry,Other Motor Vehicle Collision With,3,1,1,4
448,2015,Property Damage Accident,3:43,2015-01-05,Monday,Y,Dark-Road Unlighted,CANAJOHARIE,OTHER,MONTGOMERY,Curve and Grade,Snow,No Passing Zone,Snow/Ice,Guide Rail - Not At End Collision With Fixed Object,1,5,1,4
449,2015,Property Damage & Injury Accident,10:20,2015-01-02,Friday,Y,Daylight,FONDA,OTHER,MONTGOMERY,Straight and Grade,Snow,Stop Sign,Snow/Ice,Building/Wall Collision With Fixed Object,1,2,1,11
450,2015,Property Damage Accident,10:10,2015-01-02,Friday,Y,Daylight,MEDINA,RIGHT ANGLE,ORLEANS,Straight and Grade,Snow,None,Wet,Other Motor Vehicle Collision With,2,2,1,11
451,2015,Property Damage & Injury Accident,20:11,2015-01-01,Thursday,Y,Dark-Road Lighted,NEW WINDSOR,HEAD ON,ORANGE,Straight and Level,Clear,None,Dry,Other Motor Vehicle Collision With,2,1,1,21
452,2015,Property Damage & Injury Accident,14:50,2015-01-03,Saturday,Y,Daylight,KENT,OTHER,PUTNAM,Straight and Grade,Snow,No Passing Zone,Snow/Ice,Tree Collision With Fixed Object,1,3,1,15
453,2015,Property Damage Accident,13:35,2015-01-04,Sunday,Y,Daylight,NEW PALTZ,OTHER,ULSTER,Straight and Level,Rain,None,Snow/Ice,Tree Collision With Fixed Object,1,4,1,14
454,2015,Property Damage Accident,12:55,2015-01-02,Friday,Y,Daylight,LEWISTON,RIGHT TURN (5),NIAGARA,Straight and Level,Cloudy,None,Dry,Other Motor Vehicle Collision With,2,2,1,13
455,2015,Property Damage Accident,14:21,2015-01-03,Saturday,Y,Daylight,KENT,RIGHT ANGLE,PUTNAM,Straight and Grade,Snow,None,Snow/Ice,Other Motor Vehicle Collision With,2,3,1,15
456,2015,Property Damage Accident,12:25,2015-01-05,Monday,Y,Daylight,MIDDLETOWN,OVERTAKING,ORANGE,Straight and Level,Cloudy,None,Dry,Other Motor Vehicle Collision With,2,5,1,13
457,2015,Property Damage Accident,12:47,2015-01-04,Sunday,Y,Daylight,MASSENA,RIGHT ANGLE,ST. LAWRENCE,Straight and Level,Rain,Traffic Signal,Slush,Other Motor Vehicle Collision With,2,4,1,13
458,2015,Property Damage Accident,15:48,2015-01-03,Saturday,Y,Daylight,NEW PALTZ,OVERTAKING,ULSTER,Straight and Grade,Snow,None,Snow/Ice,Other Motor Vehicle Collision With,2,3,1,16
459,2015,Property Damage Accident,7:26,2015-01-05,Monday,Y,Daylight,NEW CASTLE,REAR END,WESTCHESTER,Curve and Grade,Clear,No Passing Zone,Dry,Other Motor Vehicle Collision With,2,5,1,8
460,2015,Property Damage & Injury Accident,13:30,2015-01-04,Sunday,Y,Daylight,HEMPSTEAD,RIGHT ANGLE,NASSAU,Straight and Level,Cloudy,None,Wet,Other Motor Vehicle Collision With,2,4,1,14
461,2015,Property Damage & Injury Accident,14:00,2015-01-05,Monday,Y,Daylight,VALLEY STREAM,RIGHT ANGLE,NASSAU,Straight at Hill Crest,Cloudy,None,Dry,Other Motor Vehicle Collision With,2,5,1,15
462,2015,Injury Accident,17:10,2015-01-05,Monday,Y,Dark-Road Lighted,VALLEY STREAM,RIGHT ANGLE,NASSAU,Straight and Level,Cloudy,Stop Sign,Dry,Other Motor Vehicle Collision With,2,5,1,18
463,2015,Property Damage Accident,9:14,2015-01-05,Monday,Y,Daylight,NEW HYDE PARK,OVERTAKING,NASSAU,Straight and Level,Clear,Stop Sign,Dry,Other Motor Vehicle Collision With,2,5,1,10
464,2015,Property Damage Accident,8:27,2015-01-05,Monday,Y,Daylight,CEDARHURST,OVERTAKING,NASSAU,Straight and Level,Clear,None,Dry,Other Motor Vehicle Collision With,2,5,1,9
465,2015,Property Damage Accident,14:00,2015-01-05,Monday,Y,Daylight,NORTH HILLS,OTHER,NASSAU,Curve and Level,Clear,None,Dry,Median - Not At End Collision With Fixed Object,1,5,1,15
466,2015,Property Damage & Injury Accident,11:15,2015-01-04,Sunday,Y,Daylight,HEMPSTEAD,REAR END,NASSAU,Straight and Level,Rain,Traffic Signal,Wet,Other Motor Vehicle Collision With,2,4,1,12
467,2015,Property Damage & Injury Accident,17:29,2015-01-03,Saturday,Y,Dark-Road Lighted,OYSTER BAY,OVERTAKING,NASSAU,Straight and Level,Rain,No Passing Zone,Wet,Other Motor Vehicle Collision With,2,3,1,18
468,2015,Property Damage & Injury Accident,9:00,2015-01-05,Monday,Y,Daylight,OYSTER BAY,OTHER,NASSAU,Straight and Level,Clear,Traffic Signal,Dry,Pedestrian Collision With,1,5,1,10
469,2015,Property Damage Accident,7:00,2015-01-05,Monday,Y,Daylight,HEMPSTEAD,OVERTAKING,NASSAU,Straight and Level,Clear,None,Dry,Other Motor Vehicle Collision With,2,5,1,8
470,2015,Property Damage Accident,21:35,2015-01-04,Sunday,Y,Dark-Road Lighted,OYSTER BAY,RIGHT ANGLE,NASSAU,Straight and Level,Rain,None,Wet,Other Motor Vehicle Collision With,2,4,1,22
471,2015,Property Damage Accident,16:00,2015-01-05,Monday,Y,Dawn,MINEOLA,REAR END,NASSAU,Straight and Level,Clear,Traffic Signal,Dry,Other Motor Vehicle Collision With,2,5,1,17
472,2015,Property Damage Accident,18:35,2015-01-05,Monday,Y,Dark-Road Lighted,NORTH HILLS,OVERTAKING,NASSAU,Straight and Level,Clear,None,Dry,Other Motor Vehicle Collision With,2,5,1,19
473,2015,Property Damage Accident,8:05,2015-01-05,Monday,Y,Daylight,MINEOLA,REAR END,NASSAU,Straight and Level,Clear,None,Dry,Other Motor Vehicle Collision With,2,5,1,9
474,2015,Property Damage Accident,15:40,2015-01-05,Monday,Y,Daylight,MINEOLA,OVERTAKING,NASSAU,Straight and Level,Clear,Traffic Signal,Dry,Other Motor Vehicle Collision With,2,5,1,16
475,2015,Property Damage Accident,16:00,2015-01-03,Saturday,Y,Dusk,HEMPSTEAD,RIGHT ANGLE,NASSAU,Straight and Level,Rain,None,Wet,Other Motor Vehicle Collision With,2,3,1,17
476,2015,Property Damage Accident,16:35,2015-01-05,Monday,Y,Dusk,ROSLYN,REAR END,NASSAU,Curve and Grade,Clear,Stop Sign,Dry,Other Motor Vehicle Collision With,2,5,1,17
477,2015,Property Damage Accident,18:59,2015-01-03,Saturday,Y,Dark-Road Lighted,NORTH HEMPSTEAD,REAR END,NASSAU,Straight and Level,Rain,None,Wet,Other Motor Vehicle Collision With,2,3,1,19
478,2015,Injury Accident,17:10,2015-01-05,Monday,Y,Dark-Road Lighted,HEMPSTEAD,OVERTAKING,NASSAU,Straight and Level,Clear,None,Dry,Other Motor Vehicle Collision With,2,5,1,18
479,2015,Injury Accident,9:25,2015-01-05,Monday,Y,Daylight,HEMPSTEAD,OTHER,NASSAU,Straight and Level,Clear,Traffic Signal,Dry,Pedestrian Collision With,1,5,1,10
480,2015,Property Damage Accident,16:45,2015-01-05,Monday,Y,Dusk,NORTH HEMPSTEAD,RIGHT ANGLE,NASSAU,Straight and Level,Clear,None,Dry,Other Motor Vehicle Collision With,2,5,1,17
481,2015,Property Damage & Injury Accident,16:06,2015-01-05,Monday,Y,Daylight,HEMPSTEAD,RIGHT ANGLE,NASSAU,Straight and Level,Clear,Stop Sign,Dry,Other Motor Vehicle Collision With,2,5,1,17
482,2015,Property Damage Accident,17:40,2015-01-05,Monday,Y,Dark-Road Lighted,MINEOLA,REAR END,NASSAU,Straight and Level,Clear,Stop Sign,Dry,Other Motor Vehicle Collision With,2,5,1,18
483,2015,Property Damage Accident,18:12,2015-01-05,Monday,Y,Dark-Road Lighted,NORTH HEMPSTEAD,OVERTAKING,NASSAU,Straight and Level,Cloudy,Traffic Signal,Dry,Other Motor Vehicle Collision With,2,5,1,19
484,2015,Property Damage Accident,16:10,2015-01-05,Monday,Y,Daylight,NORTH HEMPSTEAD,RIGHT ANGLE,NASSAU,Straight and Level,Clear,Stop Sign,Dry,Other Motor Vehicle Collision With,2,5,1,17
485,2015,Property Damage Accident,16:00,2015-01-05,Monday,Y,Daylight,OYSTER BAY,LEFT TURN (3),NASSAU,Straight and Grade,Clear,Stop Sign,Dry,Other Motor Vehicle Collision With,2,5,1,17
486,2015,Property Damage Accident,15:20,2015-01-05,Monday,Y,Daylight,OYSTER BAY,OVERTAKING,NASSAU,Straight and Level,Clear,Traffic Signal,Dry,Other Motor Vehicle Collision With,2,5,1,16
487,2015,Property Damage Accident,15:05,2015-01-04,Sunday,Y,Daylight,HEMPSTEAD,REAR END,NASSAU,Straight and Level,Cloudy,Traffic Signal,Wet,Other Motor Vehicle Collision With,2,4,1,16
488,2015,Property Damage Accident,13:45,2015-01-05,Monday,Y,Daylight,OYSTER BAY,OTHER,NASSAU,Straight and Level,Clear,Construction Work Area,Dry,Other Motor Vehicle Collision With,3,5,1,14
489,2015,Property Damage Accident,18:13,2015-01-05,Monday,Y,Dark-Road Lighted,OYSTER BAY,OVERTAKING,NASSAU,Straight and Level,Clear,None,Dry,Other Motor Vehicle Collision With,2,5,1,19
490,2015,Property Damage Accident,15:15,2015-01-05,Monday,Y,Daylight,RUSSELL GARDENS,RIGHT ANGLE,NASSAU,Straight and Level,Clear,None,Dry,Other Motor Vehicle Collision With,2,5,1,16
491,2015,Property Damage & Injury Accident,18:39,2015-01-05,Monday,Y,Dark-Road Lighted,EAST HILLS,REAR END,NASSAU,Straight and Level,Clear,None,Dry,Other Motor Vehicle Collision With,2,5,1,19
492,2015,Property Damage & Injury Accident,11:19,2015-01-05,Monday,Y,Daylight,EAST HILLS,OTHER,NASSAU,Straight and Level,Clear,None,Dry,Other Motor Vehicle Collision With,3,5,1,12
493,2015,Property Damage Accident,17:30,2015-01-05,Monday,Y,Daylight,HEMPSTEAD,LEFT TURN (3),NASSAU,Straight and Level,Clear,None,Dry,Other Motor Vehicle Collision With,2,5,1,18
494,2015,Property Damage Accident,9:37,2015-01-02,Friday,Y,Daylight,WEBSTER,REAR END,MONROE,Straight and Level,Snow,None,Wet,Other Motor Vehicle Collision With,2,2,1,10
495,2015,Property Damage Accident,14:45,2015-01-05,Monday,Y,Daylight,WESTBURY,RIGHT ANGLE,NASSAU,Straight and Level,Clear,Stop Sign,Dry,Other Motor Vehicle Collision With,2,5,1,15
496,2015,Property Damage & Injury Accident,13:10,2015-01-05,Monday,Y,Daylight,FLOWER HILL,RIGHT ANGLE,NASSAU,Straight and Level,Clear,None,Dry,Other Motor Vehicle Collision With,2,5,1,14