id,Year,Crash Descriptor,Time,Date,Day of Week,Police Report,Lighting Conditions,Municipality,Collision Type Descriptor,County Name,Road Descriptor,Weather Conditions,Traffic Control Device,Road Surface Conditions,Event Descriptor,Number of Vehicles Involved,day,month,hour
497,2015,Property Damage Accident,18:00,2015-01-05,Monday,Y,Dark-Road Lighted,FARMINGDALE,OTHER,NASSAU,Straight and Level,Cloudy,Traffic Signal,Dry,Other Motor Vehicle Collision With,3,5,1,19
498,2015,Property Damage & Injury Accident,8:30,2015-01-05,Monday,Y,Daylight,HEMPSTEAD,OVERTAKING,NASSAU,Straight and Level,Clear,None,Dry,Other Motor Vehicle Collision With,2,5,1,9
499,2015,Property Damage Accident,13:40,2015-01-03,Saturday,Y,Daylight,GREECE,OVERTAKING,MONROE,Straight and Level,Sleet/Hail/Freezing Rain,No Passing Zone,Snow/Ice,Other Motor Vehicle Collision With,2,3,1,14
500,2015,Property Damage Accident,12:57,2015-01-04,Sunday,Y,Daylight,GREECE,SIDESWIPE,MONROE,Straight and Level,Cloudy,None,Dry,Other Motor Vehicle Collision With,2,4,1,13
501,2015,Property Damage & Injury Accident,17:59,2015-01-02,Friday,Y,Dark-Road Lighted,WEBSTER,RIGHT ANGLE,MONROE,Straight and Level,Clear,Traffic Signal,Dry,Other Motor Vehicle Collision With,2,2,1,18
502,2015,Property Damage Accident,16:18,2015-01-03,Saturday,Y,Dusk,WEBSTER,RIGHT ANGLE,MONROE,Straight and Level,Sleet/Hail/Freezing Rain,Stop Sign,Snow/Ice,Other Motor Vehicle Collision With,2,3,1,17
503,2015,Property Damage & Injury Accident,12:35,2015-01-02,Friday,Y,Daylight,GREECE,OTHER,MONROE,Straight and Level,Cloudy,None,Wet,Other Motor Vehicle Collision With,3,2,1,13
504,2015,Property Damage Accident,13:02,2015-01-02,Friday,Y,Daylight,WEBSTER,REAR END,MONROE,Straight and Level,Cloudy,None,Wet,Other Motor Vehicle Collision With,2,2,1,14
505,2015,Property Damage Accident,9:08,2015-01-05,Monday,Y,Daylight,WEBSTER,RIGHT TURN (6),MONROE,Straight and Level,Clear,Stop Sign,Dry,Other Motor Vehicle Collision With,2,5,1,10
506,2015,Property Damage & Injury Accident,13:28,2015-01-03,Saturday,Y,Daylight,WEBSTER,RIGHT ANGLE,MONROE,Straight and Level,Sleet/Hail/Freezing Rain,None,Snow/Ice,Other Motor Vehicle Collision With,2,3,1,14
507,2015,Property Damage Accident,10:50,2015-01-03,Saturday,Y,Daylight,BRIGHTON,OTHER,MONROE,Straight and Grade,Cloudy,None,Dry,Guide Rail - Not At End Collision With Fixed Object,1,3,1,11
508,2015,Property Damage Accident,16:43,2015-01-02,Friday,Y,Dusk,HILTON,OTHER,MONROE,Straight and Level,Cloudy,None,Dry,Building/Wall Collision With Fixed Object,1,2,1,17
509,2015,Property Damage & Injury Accident,22:07,2015-01-04,Sunday,Y,Dark-Road Lighted,IRONDEQUOIT,OTHER,MONROE,Curve and Level,Snow,None,Wet,Light Support/Utility Pole Collision With Fixed Object,1,4,1,23
510,2015,Property Damage Accident,19:20,2015-01-04,Sunday,Y,Dark-Road Lighted,IRONDEQUOIT,OVERTAKING,MONROE,Straight and Level,Cloudy,None,Dry,Other Motor Vehicle Collision With,2,4,1,20
511,2015,Property Damage Accident,2:35,2015-01-03,Saturday,Y,Dark-Road Lighted,IRONDEQUOIT,OTHER,MONROE,Straight and Level,Clear,Other,Dry,Tree Collision With Fixed Object,1,3,1,3
512,2015,Property Damage Accident,15:08,2015-01-05,Monday,Y,Daylight,ROCHESTER,RIGHT ANGLE,MONROE,Straight and Grade,Clear,Stop Sign,Dry,Other Motor Vehicle Collision With,2,5,1,16
513,2015,Property Damage Accident,7:13,2015-01-05,Monday,Y,Dawn,GATES,SIDESWIPE,MONROE,Curve and Level,Clear,None,Snow/Ice,Other Motor Vehicle Collision With,2,5,1,8
514,2015,Property Damage & Injury Accident,13:05,2015-01-05,Monday,Y,Daylight,GATES,HEAD ON,MONROE,Straight and Grade,Cloudy,Traffic Signal,Dry,Other Motor Vehicle Collision With,2,5,1,14
515,2015,Property Damage Accident,12:56,2015-01-03,Saturday,Y,Daylight,CAYUGA HEIGHTS,OTHER,TOMPKINS,Curve and Grade,Sleet/Hail/Freezing Rain,Stop Sign,Snow/Ice,Guide Rail - Not At End Collision With Fixed Object,1,3,1,13
516,2015,Property Damage Accident,13:47,2015-01-03,Saturday,Y,Daylight,ITHACA,OTHER,TOMPKINS,Curve and Grade,Sleet/Hail/Freezing Rain,None,Snow/Ice,Guide Rail - Not At End Collision With Fixed Object,1,3,1,14
517,2015,Property Damage & Injury Accident,2:38,2015-01-01,Thursday,Y,Dark-Road Unlighted,ULYSSES,OTHER,TOMPKINS,Straight and Level,Clear,None,Dry,Other Fixed Object* Collision With Fixed Object,3,1,1,3
518,2015,Property Damage Accident,9:52,2015-01-03,Saturday,Y,Daylight,LANSING,OTHER,TOMPKINS,Straight and Grade,Cloudy,None,Dry,Deer,1,3,1,10
519,2015,Property Damage Accident,13:10,2015-01-05,Monday,Y,Daylight,RED HOOK,LEFT TURN (3),DUTCHESS,Straight and Level,Clear,Stop Sign,Dry,Other Motor Vehicle Collision With,2,5,1,14
520,2015,Injury Accident,14:18,2015-01-03,Saturday,Y,Daylight,POUGHKEEPSIE,OTHER,DUTCHESS,Straight and Grade,Snow,Traffic Signal,Snow/Ice,Other Motor Vehicle Collision With,3,3,1,15
521,2015,Property Damage & Injury Accident,8:22,2015-01-03,Saturday,Y,Daylight,ROTTERDAM,OTHER,SCHENECTADY,Curve and Grade,Clear,None,Dry,Earth Embankment/Rock Cut/Ditch Collision With Fixed Object,1,3,1,9
522,2015,Property Damage Accident,7:26,2015-01-04,Sunday,Y,Dawn,THOMPSON,OTHER,SULLIVAN,Curve and Grade,Sleet/Hail/Freezing Rain,None,Snow/Ice,Guide Rail - Not At End Collision With Fixed Object,1,4,1,8
523,2015,Injury Accident,17:55,2015-01-02,Friday,Y,Dark-Road Lighted,TROY,OTHER,RENSSELAER,Straight and Level,Clear,Traffic Signal,Dry,Pedestrian Collision With,1,2,1,18
524,2015,Property Damage Accident,13:07,2015-01-03,Saturday,Y,Daylight,ROTTERDAM,REAR END,SCHENECTADY,Straight and Level,Cloudy,Yield Sign,Dry,Other Motor Vehicle Collision With,2,3,1,14
525,2015,Property Damage & Injury Accident,16:33,2015-01-03,Saturday,Y,Dark-Road Unlighted,VARICK,OTHER,SENECA,Curve and Level,Sleet/Hail/Freezing Rain,None,Snow/Ice,Earth Embankment/Rock Cut/Ditch Collision With Fixed Object,1,3,1,17
526,2015,Property Damage Accident,12:15,2015-01-03,Saturday,Y,Daylight,PHILLIPSTOWN,RIGHT ANGLE,PUTNAM,Straight and Level,Cloudy,None,Dry,Other Motor Vehicle Collision With,2,3,1,13
527,2015,Property Damage & Injury Accident,16:59,2015-01-03,Saturday,Y,Dark-Road Unlighted,COVERT,OTHER,SENECA,Straight and Level,Sleet/Hail/Freezing Rain,None,Snow/Ice,Earth Embankment/Rock Cut/Ditch Collision With Fixed Object,1,3,1,17
528,2015,Property Damage & Injury Accident,14:42,2015-01-03,Saturday,Y,Daylight,POUGHKEEPSIE,REAR END,DUTCHESS,Straight and Level,Snow,None,Snow/Ice,Other Motor Vehicle Collision With,2,3,1,15
529,2015,Injury Accident,17:08,2015-01-03,Saturday,Y,Dark-Road Lighted,POUGHKEEPSIE,OVERTAKING,DUTCHESS,Straight and Grade,Snow,None,Snow/Ice,Other Motor Vehicle Collision With,2,3,1,18
530,2015,Property Damage Accident,8:15,2015-01-05,Monday,Y,Daylight,SOUTHEAST,OTHER,PUTNAM,Straight and Level,Clear,No Passing Zone,Dry,Other* Non-Collision,1,5,1,9
531,2015,Property Damage Accident,17:41,2015-01-03,Saturday,Y,Dark-Road Unlighted,COVERT,OTHER,SENECA,Straight and Level,Sleet/Hail/Freezing Rain,None,Snow/Ice,Earth Embankment/Rock Cut/Ditch Collision With Fixed Object,1,3,1,18
532,2015,Property Damage Accident,8:35,2015-01-04,Sunday,Y,Daylight,PATTERSON,OTHER,PUTNAM,Curve and Grade,Sleet/Hail/Freezing Rain,No Passing Zone,Snow/Ice,Light Support/Utility Pole Collision With Fixed Object,1,4,1,9
533,2015,Property Damage Accident,10:09,2015-01-04,Sunday,Y,Daylight,POUGHKEEPSIE,OVERTAKING,DUTCHESS,Straight and Level,Rain,None,Wet,Other Motor Vehicle Collision With,2,4,1,11
534,2015,Property Damage Accident,8:20,2015-01-05,Monday,Y,Daylight,TICONDEROGA,RIGHT ANGLE,ESSEX,Straight and Level,Clear,Stop Sign,Dry,Other Motor Vehicle Collision With,2,5,1,9
535,2015,Property Damage Accident,13:15,2015-01-04,Sunday,Y,Daylight,ROTTERDAM,RIGHT ANGLE,SCHENECTADY,Straight and Level,Rain,None,Slush,Other Motor Vehicle Collision With,2,4,1,14
536,2015,Property Damage Accident,13:32,2015-01-03,Saturday,Y,Daylight,POUGHKEEPSIE,REAR END,DUTCHESS,Straight and Level,Snow,Traffic Signal,Snow/Ice,Other Motor Vehicle Collision With,2,3,1,14
537,2015,Property Damage Accident,14:30,2015-01-03,Saturday,Y,Daylight,CARMEL,RIGHT TURN (6),PUTNAM,Curve and Grade,Snow,Traffic Signal,Snow/Ice,Other Motor Vehicle Collision With,2,3,1,15
538,2015,Property Damage Accident,14:30,2015-01-03,Saturday,Y,Daylight,SOUTHEAST,RIGHT ANGLE,PUTNAM,Straight and Level,Snow,Stop Sign,Snow/Ice,Other Motor Vehicle Collision With,2,3,1,15
539,2015,Property Damage Accident,22:40,2015-01-02,Friday,Y,Dark-Road Unlighted,LISBON,OTHER,ST. LAWRENCE,Straight and Level,Cloudy,None,Dry,Deer,1,2,1,23
540,2015,Property Damage Accident,8:50,2015-01-04,Sunday,Y,Daylight,COLTON,OTHER,ST. LAWRENCE,Curve and Grade,Rain,No Passing Zone,Snow/Ice,Guide Rail - Not At End Collision With Fixed Object,1,4,1,9
541,2015,Property Damage Accident,14:26,2015-01-02,Friday,Y,Daylight,SOUTHAMPTON,SIDESWIPE,SUFFOLK,Straight and Level,Clear,None,Dry,Other Motor Vehicle Collision With,2,2,1,15
542,2015,Property Damage Accident,15:40,2015-01-03,Saturday,Y,Dusk,BRASHER,OTHER,ST. LAWRENCE,Straight and Grade,Snow,None,Snow/Ice,Tree Collision With Fixed Object,1,3,1,16
543,2015,Property Damage & Injury Accident,12:56,2015-01-01,Thursday,Y,Daylight,PIERREPONT,OTHER,ST. LAWRENCE,Straight and Grade,Snow,None,Snow/Ice,Tree Collision With Fixed Object,1,1,1,13
544,2015,Property Damage & Injury Accident,10:16,2015-01-04,Sunday,Y,Daylight,POTSDAM,HEAD ON,ST. LAWRENCE,Straight and Grade,Sleet/Hail/Freezing Rain,None,Slush,Other Motor Vehicle Collision With,2,4,1,11
545,2015,Property Damage Accident,16:56,2015-01-01,Thursday,Y,Dark-Road Unlighted,DE KALB,OTHER,ST. LAWRENCE,Straight and Level,Snow,None,Snow/Ice,Sign Post Collision With Fixed Object,1,1,1,17
546,2015,Property Damage & Injury Accident,13:40,2015-01-03,Saturday,Y,Daylight,MARLBOROUGH,OTHER,ULSTER,Curve and Grade,Snow,None,Snow/Ice,Earth Embankment/Rock Cut/Ditch Collision With Fixed Object,1,3,1,14
547,2015,Property Damage Accident,14:05,2015-01-03,Saturday,Y,Daylight,MARLBOROUGH,OTHER,ULSTER,Straight and Grade,Snow,None,Snow/Ice,Other Motor Vehicle Collision With,3,3,1,15
548,2015,Injury Accident,7:10,2015-01-04,Sunday,Y,Daylight,RHINEBECK,OTHER,DUTCHESS,Curve and Grade,Sleet/Hail/Freezing Rain,No Passing Zone,Wet,Snow Embankment Collision With Fixed Object,1,4,1,8
549,2015,Property Damage Accident,18:03,2015-01-03,Saturday,Y,Dark-Road Lighted,NISKAYUNA,REAR END,SCHENECTADY,Straight and Grade,Snow,Traffic Signal,Snow/Ice,Other Motor Vehicle Collision With,2,3,1,19
550,2015,Property Damage & Injury Accident,18:12,2015-01-05,Monday,Y,Dark-Road Lighted,NISKAYUNA,OTHER,SCHENECTADY,Straight at Hill Crest,Cloudy,Traffic Signal,Dry,Other Motor Vehicle Collision With,5,5,1,19
551,2015,Property Damage Accident,18:29,2015-01-05,Monday,Y,Dark-Road Unlighted,NISKAYUNA,RIGHT ANGLE,SCHENECTADY,Straight and Grade,Cloudy,Stop Sign,Dry,Other Motor Vehicle Collision With,2,5,1,19
552,2015,Injury Accident,3:55,2015-01-03,Saturday,Y,Dark-Road Lighted,SCHENECTADY,OTHER,SCHENECTADY,Straight and Level,Clear,None,Dry,Pedestrian Collision With,1,3,1,4
553,2015,Property Damage & Injury Accident,14:21,2015-01-02,Friday,Y,Daylight,SCHENECTADY,OTHER,SCHENECTADY,Straight and Level,Cloudy,None,Dry,Light Support/Utility Pole Collision With Fixed Object,1,2,1,15
554,2015,Property Damage & Injury Accident,14:16,2015-01-02,Friday,Y,Daylight,SCHENECTADY,RIGHT ANGLE,SCHENECTADY,Straight and Grade,Cloudy,Traffic Signal,Dry,Other Motor Vehicle Collision With,2,2,1,15
555,2015,Injury Accident,15:01,2015-01-03,Saturday,Y,Daylight,SCHENECTADY,REAR END,SCHENECTADY,Straight and Level,Snow,Traffic Signal,Snow/Ice,Other Motor Vehicle Collision With,2,3,1,16
556,2015,Property Damage Accident,11:32,2015-01-04,Sunday,Y,Daylight,WASHINGTONVILLE,RIGHT ANGLE,ORANGE,Straight and Grade,Cloudy,None,Snow/Ice,Other Motor Vehicle Collision With,2,4,1,12
557,2015,Property Damage Accident,15:45,2015-01-04,Sunday,Y,Dusk,WASHINGTONVILLE,RIGHT ANGLE,ORANGE,Straight and Level,Cloudy,None,Wet,Other Motor Vehicle Collision With,2,4,1,16
558,2015,Property Damage & Injury Accident,14:44,2015-01-01,Thursday,Y,Daylight,WATERTOWN,RIGHT ANGLE,JEFFERSON,Straight and Level,Cloudy,Traffic Signal,Snow/Ice,Other Motor Vehicle Collision With,2,1,1,15
559,2015,Property Damage & Injury Accident,15:26,2015-01-03,Saturday,Y,Daylight,SCHENECTADY,RIGHT ANGLE,SCHENECTADY,Curve and Grade,Snow,Traffic Signal,Snow/Ice,Other Motor Vehicle Collision With,2,3,1,16
560,2015,Property Damage Accident,17:45,2015-01-03,Saturday,Y,Dark-Road Unlighted,WINDHAM,OTHER,GREENE,Curve and Grade,Snow,None,Snow/Ice,Guide Rail - Not At End Collision With Fixed Object,1,3,1,18
561,2015,Property Damage Accident,9:20,2015-01-04,Sunday,Y,Daylight,WINDHAM,OTHER,GREENE,Straight and Grade,Cloudy,Stop Sign,Snow/Ice,Tree Collision With Fixed Object,1,4,1,10
562,2015,Property Damage Accident,9:47,2015-01-04,Sunday,Y,Daylight,BERNE,OTHER,ALBANY,Curve and Grade,Cloudy,None,Snow/Ice,Earth Embankment/Rock Cut/Ditch Collision With Fixed Object,1,4,1,10
563,2015,Property Damage & Injury Accident,13:29,2015-01-03,Saturday,Y,Daylight,KNOX,OTHER,ALBANY,Straight and Level,Clear,No Passing Zone,Dry,Guide Rail - End Collision With Fixed Object,1,3,1,14
564,2015,Property Damage Accident,16:37,2015-01-03,Saturday,Y,Dark-Road Lighted,VOORHEESVILLE,OTHER,ALBANY,Curve and Level,Snow,No Passing Zone,Snow/Ice,Earth Embankment/Rock Cut/Ditch Collision With Fixed Object,1,3,1,17
565,2015,Property Damage Accident,21:30,2015-01-03,Saturday,Y,Dark-Road Unlighted,FRANKLIN,OTHER,DELAWARE,Straight and Grade,Sleet/Hail/Freezing Rain,None,Snow/Ice,Earth Embankment/Rock Cut/Ditch Collision With Fixed Object,1,3,1,22
566,2015,Property Damage Accident,18:50,2015-01-02,Friday,Y,Dark-Road Unlighted,MEREDITH,OTHER,DELAWARE,Straight and Level,Cloudy,None,Dry,Deer,1,2,1,19
567,2015,Property Damage Accident,14:30,2015-01-03,Saturday,Y,Daylight,WALTON,OTHER,DELAWARE,Straight and Grade,Snow,None,Snow/Ice,Earth Embankment/Rock Cut/Ditch Collision With Fixed Object,1,3,1,15
568,2015,Property Damage Accident,23:18,2015-01-03,Saturday,Y,Dark-Road Unlighted,PAWLING,OTHER,DUTCHESS,Straight and Grade,Rain,None,Snow/Ice,Guide Rail - Not At End Collision With Fixed Object,1,3,1,24
569,2015,Property Damage Accident,16:27,2015-01-03,Saturday,Y,Dusk,AMENIA,OTHER,DUTCHESS,Straight and Level,Sleet/Hail/Freezing Rain,No Passing Zone,Snow/Ice,Other* Non-Collision,1,3,1,17
570,2015,Property Damage Accident,15:30,2015-01-03,Saturday,Y,Daylight,RED HOOK,OTHER,DUTCHESS,Straight and Level,Snow,None,Snow/Ice,Light Support/Utility Pole Collision With Fixed Object,1,3,1,16
571,2015,Property Damage Accident,19:00,2015-01-03,Saturday,Y,Dark-Road Unlighted,MILAN,OTHER,DUTCHESS,Curve and Grade,Sleet/Hail/Freezing Rain,Traffic Signal,Snow/Ice,Guide Rail - Not At End Collision With Fixed Object,1,3,1,20
572,2015,Property Damage Accident,21:58,2015-01-03,Saturday,Y,Dark-Road Unlighted,MILAN,OTHER,DUTCHESS,Straight and Grade,Sleet/Hail/Freezing Rain,None,Snow/Ice,Earth Embankment/Rock Cut/Ditch Collision With Fixed Object,1,3,1,22
573,2015,Property Damage Accident,12:15,2015-01-05,Monday,Y,Daylight,CLARKSTOWN,OVERTAKING,ROCKLAND,Straight and Level,Clear,None,Dry,Other Motor Vehicle Collision With,2,5,1,13
574,2015,Property Damage & Injury Accident,6:49,2015-01-04,Sunday,Y,Daylight,AMENIA,OTHER,DUTCHESS,Curve and Grade,Rain,No Passing Zone,Snow/Ice,Snow Embankment Collision With Fixed Object,1,4,1,7
575,2015,Property Damage & Injury Accident,17:02,2015-01-01,Thursday,Y,Dusk,RHINEBECK,OTHER,DUTCHESS,Straight at Hill Crest,Clear,No Passing Zone,Dry,Animal Collision With,1,1,1,18
576,2015,Property Damage Accident,15:58,2015-01-03,Saturday,Y,Daylight,LA GRANGE,OTHER,DUTCHESS,Straight and Level,Snow,None,Snow/Ice,Light Support/Utility Pole Collision With Fixed Object,1,3,1,16
577,2015,Property Damage Accident,22:25,2015-01-03,Saturday,Y,Dark-Road Unlighted,HYDE PARK,OTHER,DUTCHESS,Straight and Level,Sleet/Hail/Freezing Rain,None,Snow/Ice,Other Fixed Object* Collision With Fixed Object,1,3,1,23
578,2015,Property Damage Accident,19:37,2015-01-02,Friday,Y,Dark-Road Unlighted,PINE PLAINS,OTHER,DUTCHESS,Straight and Level,Clear,None,Dry,Deer,1,2,1,20
579,2015,Property Damage Accident,8:27,2015-01-03,Saturday,Y,Daylight,GLENS FALLS,OVERTAKING,WARREN,Straight and Level,Clear,None,Dry,Other Motor Vehicle Collision With,2,3,1,9
580,2015,Property Damage Accident,15:04,2015-01-04,Sunday,Y,Daylight,JOHNSTOWN,OTHER,FULTON,Curve and Grade,Rain,None,Slush,Light Support/Utility Pole Collision With Fixed Object,1,4,1,16
581,2015,Property Damage Accident,17:33,2015-01-04,Sunday,Y,Dark-Road Unlighted,PERTH,OTHER,FULTON,Curve and Level,Fog/Smog/Smoke,None,Wet,Light Support/Utility Pole Collision With Fixed Object,1,4,1,18
582,2015,Injury Accident,13:56,2015-01-03,Saturday,Y,Daylight,CATSKILL,OTHER,GREENE,Curve and Grade,Snow,None,Snow/Ice,Overturned Non-Collision,1,3,1,14
583,2015,Injury Accident,13:01,2015-01-02,Friday,Y,Daylight,NIAGARA FALLS,OTHER,NIAGARA,Straight and Level,Clear,Traffic Signal,Dry,Pedestrian Collision With,1,2,1,14
584,2015,Property Damage & Injury Accident,15:30,2015-01-04,Sunday,Y,Daylight,NIAGARA FALLS,Unknown,NIAGARA,Straight and Level,Cloudy,None,Wet,Other Motor Vehicle Collision With,2,4,1,16
585,2015,Property Damage Accident,14:25,2015-01-02,Friday,Y,Daylight,NIAGARA FALLS,OVERTAKING,NIAGARA,Straight and Grade,Cloudy,None,Dry,Other Motor Vehicle Collision With,2,2,1,15
586,2015,Property Damage Accident,14:46,2015-01-03,Saturday,Y,Daylight,ORANGETOWN,OTHER,ROCKLAND,Curve and Grade,Snow,None,Snow/Ice,Light Support/Utility Pole Collision With Fixed Object,1,3,1,15
587,2015,Property Damage Accident,19:47,2015-01-05,Monday,Y,Dark-Road Lighted,ORANGETOWN,OTHER,ROCKLAND,Straight and Level,Clear,None,Dry,Deer,1,5,1,20
588,2015,Property Damage Accident,2:22,2015-01-04,Sunday,Y,Dark-Road Unlighted,ORANGETOWN,OTHER,ROCKLAND,Curve and Grade,Rain,None,Slush,Guide Rail - Not At End Collision With Fixed Object,1,4,1,3
589,2015,Property Damage Accident,20:20,2015-01-03,Saturday,Y,Dark-Road Lighted,NIAGARA FALLS,OVERTAKING,NIAGARA,Straight and Level,Sleet/Hail/Freezing Rain,None,Snow/Ice,Other Motor Vehicle Collision With,2,3,1,21
590,2015,Property Damage Accident,14:25,2015-01-02,Friday,Y,Daylight,NIAGARA FALLS,LEFT TURN (3),NIAGARA,Straight and Level,Clear,Stop Sign,Dry,Other Motor Vehicle Collision With,2,2,1,15
591,2015,Property Damage Accident,14:15,2015-01-04,Sunday,Y,Daylight,NIAGARA FALLS,RIGHT ANGLE,NIAGARA,Straight and Level,Cloudy,Stop Sign,Wet,Other Motor Vehicle Collision With,2,4,1,15
592,2015,Property Damage Accident,7:20,2015-01-02,Friday,Y,Dark-Road Lighted,CLAY,RIGHT ANGLE,ONONDAGA,Straight and Level,Clear,None,Dry,Other Motor Vehicle Collision With,2,2,1,8
593,2015,Property Damage & Injury Accident,1:41,2015-01-02,Friday,Y,Dark-Road Lighted,SYRACUSE,OTHER,ONONDAGA,Straight and Level,Snow,Stop Sign,Wet,Building/Wall Collision With Fixed Object,1,2,1,2
594,2015,Property Damage Accident,19:02,2015-01-02,Friday,Y,Dark-Road Lighted,SYRACUSE,RIGHT ANGLE,ONONDAGA,Straight and Level,Cloudy,Stop Sign,Wet,Other Motor Vehicle Collision With,2,2,1,20
595,2015,Injury Accident,12:06,2015-01-02,Friday,Y,Daylight,SYRACUSE,REAR END,ONONDAGA,Straight and Grade,Snow,None,Wet,Other Motor Vehicle Collision With,2,2,1,13
596,2015,Injury Accident,17:46,2015-01-02,Friday,Y,Dark-Road Lighted,,OTHER,ONONDAGA,Straight and Level,Snow,None,Snow/Ice,Other Motor Vehicle Collision With,3,2,1,18
597,2015,Property Damage Accident,11:10,2015-01-01,Thursday,Y,Daylight,SYRACUSE,RIGHT ANGLE,ONONDAGA,Straight and Grade,Cloudy,Stop Sign,Dry,Other Motor Vehicle Collision With,2,1,1,12
598,2015,Property Damage Accident,18:50,2015-01-02,Friday,Y,Dark-Road Lighted,SYRACUSE,SIDESWIPE,ONONDAGA,Straight and Level,Snow,None,Snow/Ice,Other Motor Vehicle Collision With,2,2,1,19
599,2015,Property Damage Accident,14:53,2015-01-02,Friday,Y,Daylight,NORTH SYRACUSE,LEFT TURN (3),ONONDAGA,Straight and Level,Snow,Stop Sign,Wet,Other Motor Vehicle Collision With,2,2,1,15
600,2015,Property Damage & Injury Accident,20:30,2015-01-02,Friday,Y,Dark-Road Lighted,MANLIUS,RIGHT ANGLE,ONONDAGA,Straight and Grade,Cloudy,Traffic Signal,Wet,Other Motor Vehicle Collision With,2,2,1,21
601,2015,Injury Accident,9:40,2015-01-02,Friday,Y,Daylight,CICERO,REAR END,ONONDAGA,Straight and Level,Snow,None,Wet,Other Motor Vehicle Collision With,2,2,1,10
602,2015,Property Damage Accident,15:12,2015-01-02,Friday,Y,Daylight,CAMILLUS,RIGHT ANGLE,ONONDAGA,Straight and Level,Cloudy,None,Snow/Ice,Other Motor Vehicle Collision With,2,2,1,16
603,2015,Property Damage Accident,21:49,2015-01-02,Friday,Y,Dark-Road Lighted,DEWITT,OVERTAKING,ONONDAGA,Straight and Level,Cloudy,None,Wet,Other Motor Vehicle Collision With,2,2,1,22
604,2015,Property Damage Accident,14:12,2015-01-03,Saturday,Y,Daylight,RAMAPO,RIGHT ANGLE,ROCKLAND,Straight and Grade,Snow,Traffic Signal,Snow/Ice,Other Motor Vehicle Collision With,2,3,1,15
605,2015,Property Damage & Injury Accident,17:36,2015-01-05,Monday,Y,Dark-Road Lighted,RAMAPO,OTHER,ROCKLAND,Straight and Level,Clear,Traffic Signal,Dry,Other Motor Vehicle Collision With,3,5,1,18
606,2015,Property Damage Accident,6:30,2015-01-05,Monday,Y,Dark-Road Lighted,NEW HEMPSTEAD,OTHER,ROCKLAND,Curve and Grade,Cloudy,None,Dry,Animal Collision With,1,5,1,7
607,2015,Property Damage & Injury Accident,14:59,2015-01-03,Saturday,Y,Daylight,VESTAL,RIGHT ANGLE,BROOME,Straight and Level,Rain,None,Snow/Ice,Other Motor Vehicle Collision With,2,3,1,15
608,2015,Property Damage Accident,19:55,2015-01-03,Saturday,Y,Dark-Road Lighted,VESTAL,OTHER,BROOME,Straight and Level,Rain,None,Wet,Deer,1,3,1,20
609,2015,Property Damage Accident,12:57,2015-01-03,Saturday,Y,Daylight,VESTAL,OVERTAKING,BROOME,Straight and Level,Snow,Traffic Signal,Snow/Ice,Other Motor Vehicle Collision With,2,3,1,13
610,2015,Property Damage Accident,18:24,2015-01-03,Saturday,Y,Dark-Road Lighted,VESTAL,OTHER,BROOME,Straight and Level,Rain,None,Snow/Ice,Earth Embankment/Rock Cut/Ditch Collision With Fixed Object,1,3,1,19
611,2015,Property Damage Accident,7:03,2015-01-03,Saturday,Y,Dawn,VESTAL,OTHER,BROOME,Straight and Level,Clear,None,Dry,Other Motor Vehicle Collision With,3,3,1,8
612,2015,Property Damage & Injury Accident,22:37,2015-01-02,Friday,Y,Dark-Road Lighted,KINGSTON,OTHER,ULSTER,Straight and Grade,Cloudy,Traffic Signal,Dry,Tree Collision With Fixed Object,1,2,1,23
613,2015,Property Damage Accident,14:40,2015-01-03,Saturday,Y,Daylight,CORTLAND,OTHER,CORTLAND,Curve and Level,Snow,None,Snow/Ice,Fire Hydrant Collision With Fixed Object,1,3,1,15
614,2015,Property Damage Accident,19:13,2015-01-02,Friday,Y,Dark-Road Unlighted,PHELPS,OTHER,ONTARIO,Straight and Level,Cloudy,None,Dry,Deer,1,2,1,20
615,2015,Property Damage Accident,13:35,2015-01-02,Friday,Y,Daylight,VICTOR,RIGHT ANGLE,ONTARIO,Straight and Level,Cloudy,None,Wet,Other Motor Vehicle Collision With,2,2,1,14
616,2015,Property Damage Accident,21:46,2015-01-02,Friday,Y,Dark-Road Unlighted,EAST BLOOMFIELD,OTHER,ONTARIO,Straight and Grade,Cloudy,None,Dry,Deer,1,2,1,22
617,2015,Property Damage Accident,13:12,2015-01-01,Thursday,Y,Daylight,HORSEHEADS,RIGHT ANGLE,CHEMUNG,Straight and Level,Clear,Traffic Signal,Dry,Other Motor Vehicle Collision With,2,1,1,14
618,2015,Property Damage Accident,16:20,2015-01-01,Thursday,Y,Daylight,HAVERSTRAW,RIGHT ANGLE,ROCKLAND,Curve at Hill Crest,Clear,None,Dry,Other Motor Vehicle Collision With,2,1,1,17
619,2015,Property Damage Accident,13:21,2015-01-05,Monday,Y,Daylight,NEW HARTFORD,OTHER,ONEIDA,Curve and Level,Snow,None,Snow/Ice,Median - Not At End Collision With Fixed Object,1,5,1,14
620,2015,Property Damage & Injury Accident,16:21,2015-01-02,Friday,Y,Dusk,NEW HARTFORD,OTHER,ONEIDA,Straight and Level,Snow,None,Snow/Ice,Earth Embankment/Rock Cut/Ditch Collision With Fixed Object,1,2,1,17
621,2015,Property Damage Accident,11:05,2015-01-05,Monday,Y,Daylight,NEW HARTFORD,OTHER,ONEIDA,Straight and Level,Snow,None,Snow/Ice,Other Motor Vehicle Collision With,2,5,1,12