id,Year,Crash Descriptor,Time,Date,Day of Week,Police Report,Lighting Conditions,Municipality,Collision Type Descriptor,County Name,Road Descriptor,Weather Conditions,Traffic Control Device,Road Surface Conditions,Event Descriptor,Number of Vehicles Involved,day,month,hour
622,2015,Property Damage Accident,15:30,2015-01-05,Monday,Y,Daylight,AURORA,OTHER,ERIE,Straight and Grade,Cloudy,None,Snow/Ice,Earth Embankment/Rock Cut/Ditch Collision With Fixed Object,1,5,1,16
623,2015,Property Damage Accident,15:43,2015-01-05,Monday,Y,Daylight,EAST AURORA,RIGHT ANGLE,ERIE,Straight and Level,Cloudy,None,Snow/Ice,Other Motor Vehicle Collision With,2,5,1,16
624,2015,Property Damage Accident,16:41,2015-01-05,Monday,Y,Dusk,AURORA,OTHER,ERIE,Curve and Grade,Cloudy,None,Snow/Ice,Earth Embankment/Rock Cut/Ditch Collision With Fixed Object,1,5,1,17
625,2015,Property Damage & Injury Accident,15:51,2015-01-05,Monday,Y,Daylight,DEPEW,LEFT TURN (3),ERIE,Straight and Level,Clear,Other,Dry,Other Motor Vehicle Collision With,2,5,1,16
626,2015,Property Damage & Injury Accident,18:16,2015-01-05,Monday,Y,Dark-Road Lighted,AURORA,OTHER,ERIE,Straight and Grade,Cloudy,None,Dry,Other Motor Vehicle Collision With,3,5,1,19
627,2015,Property Damage Accident,22:42,2015-01-05,Monday,Y,Dark-Road Lighted,AMHERST,OTHER,ERIE,Straight and Grade,Clear,None,Dry,Other Motor Vehicle Collision With,3,5,1,23
628,2015,Property Damage Accident,7:55,2015-01-05,Monday,Y,Daylight,AMHERST,OVERTAKING,ERIE,Straight and Level,Cloudy,None,Dry,Other Motor Vehicle Collision With,2,5,1,8
629,2015,Property Damage Accident,12:46,2015-01-04,Sunday,Y,Daylight,AMHERST,REAR END,ERIE,Straight and Level,Cloudy,None,Wet,Other Motor Vehicle Collision With,2,4,1,13
630,2015,Property Damage Accident,11:20,2015-01-05,Monday,Y,Daylight,AMHERST,REAR END,ERIE,Straight and Level,Clear,None,Dry,Other Motor Vehicle Collision With,2,5,1,12
631,2015,Injury Accident,19:04,2015-01-02,Friday,Y,Dark-Road Lighted,CHEEKTOWAGA,REAR END,ERIE,Straight and Level,Clear,Traffic Signal,Dry,Other Motor Vehicle Collision With,2,2,1,20
632,2015,Property Damage Accident,21:09,2015-01-03,Saturday,Y,Dark-Road Lighted,CHEEKTOWAGA,OTHER,ERIE,Straight and Level,Rain,None,Wet,Other Fixed Object* Collision With Fixed Object,2,3,1,22
633,2015,Property Damage & Injury Accident,12:53,2015-01-04,Sunday,Y,Daylight,CHEEKTOWAGA,HEAD ON,ERIE,Straight and Level,Cloudy,None,Wet,Other Motor Vehicle Collision With,2,4,1,13
634,2015,Property Damage Accident,17:21,2015-01-02,Friday,Y,Dark-Road Lighted,CHEEKTOWAGA,LEFT TURN (3),ERIE,Straight and Level,Cloudy,Traffic Signal,Dry,Other Motor Vehicle Collision With,2,2,1,18
635,2015,Property Damage & Injury Accident,22:06,2015-01-02,Friday,Y,Dark-Road Lighted,HAMBURG,RIGHT ANGLE,ERIE,Straight and Level,Clear,None,Dry,Other Motor Vehicle Collision With,2,2,1,23
636,2015,Injury Accident,17:00,2015-01-02,Friday,Y,Daylight,TONAWANDA,REAR END,ERIE,Straight and Level,Clear,None,Dry,Other Motor Vehicle Collision With,2,2,1,18
637,2015,Property Damage & Injury Accident,2:48,2015-01-05,Monday,Y,Dark-Road Lighted,WEST SENECA,OTHER,ERIE,Straight and Level,Snow,None,Snow/Ice,Earth Embankment/Rock Cut/Ditch Collision With Fixed Object,1,5,1,3
638,2015,Property Damage Accident,10:20,2015-01-05,Monday,Y,Daylight,TONAWANDA,OVERTAKING,ERIE,Straight and Level,Clear,None,Dry,Other Motor Vehicle Collision With,2,5,1,11
639,2015,Property Damage Accident,13:48,2015-01-05,Monday,Y,Daylight,WEST SENECA,RIGHT ANGLE,ERIE,Curve and Grade,Cloudy,Stop Sign,Dry,Other Motor Vehicle Collision With,2,5,1,14
640,2015,Property Damage Accident,7:10,2015-01-05,Monday,Y,Dawn,GENESEO,OTHER,LIVINGSTON,Straight and Grade,Cloudy,None,Snow/Ice,Deer,1,5,1,8
641,2015,Property Damage Accident,6:26,2015-01-05,Monday,Y,Dark-Road Unlighted,MT. MORRIS,OTHER,LIVINGSTON,Curve and Grade,Cloudy,None,Snow/Ice,Light Support/Utility Pole Collision With Fixed Object,1,5,1,7
642,2015,Property Damage & Injury Accident,9:47,2015-01-05,Monday,Y,Daylight,AVON,REAR END,LIVINGSTON,Straight and Grade,Clear,None,Snow/Ice,Other Motor Vehicle Collision With,2,5,1,10
643,2015,Property Damage Accident,12:23,2015-01-05,Monday,Y,Daylight,LIVONIA,RIGHT ANGLE,LIVINGSTON,Straight and Grade,Cloudy,None,Snow/Ice,Other Motor Vehicle Collision With,2,5,1,13
644,2015,Property Damage Accident,19:05,2015-01-04,Sunday,Y,Dark-Road Unlighted,YORK,OTHER,LIVINGSTON,Straight and Grade,Cloudy,Stop Sign,Wet,Sign Post Collision With Fixed Object,1,4,1,20
645,2015,Property Damage & Injury Accident,12:59,2015-01-05,Monday,Y,Daylight,DANSVILLE,OTHER,LIVINGSTON,Curve and Grade,Snow,None,Snow/Ice,Earth Embankment/Rock Cut/Ditch Collision With Fixed Object,1,5,1,13
646,2015,Property Damage Accident,18:00,2015-01-02,Friday,Y,Dark-Road Unlighted,SHERRILL,OTHER,ONEIDA,Straight and Level,Snow,None,Snow/Ice,Deer,1,2,1,19
647,2015,Property Damage & Injury Accident,13:07,2015-01-03,Saturday,Y,Daylight,ITHACA,HEAD ON,TOMPKINS,Straight and Grade,Sleet/Hail/Freezing Rain,None,Snow/Ice,Other Motor Vehicle Collision With,2,3,1,14
648,2015,Property Damage & Injury Accident,14:08,2015-01-01,Thursday,Y,Daylight,HORSEHEADS,RIGHT ANGLE,CHEMUNG,Straight and Level,Clear,Stop Sign,Dry,Other Motor Vehicle Collision With,2,1,1,15
649,2015,Property Damage Accident,14:33,2015-01-03,Saturday,Y,Daylight,ITHACA,OTHER,TOMPKINS,Curve and Level,Sleet/Hail/Freezing Rain,None,Snow/Ice,Guide Rail - Not At End Collision With Fixed Object,1,3,1,15
650,2015,Property Damage Accident,2:55,2015-01-05,Monday,Y,Dark-Road Unlighted,CAMDEN,OTHER,ONEIDA,Straight and Grade,Snow,None,Snow/Ice,Deer,1,5,1,3
651,2015,Property Damage Accident,4:24,2015-01-05,Monday,Y,Dark-Road Unlighted,LEE,OTHER,ONEIDA,Straight and Grade,Snow,None,Snow/Ice,Tree Collision With Fixed Object,1,5,1,5
652,2015,Property Damage Accident,19:03,2015-01-04,Sunday,Y,Dark-Road Unlighted,WESTMORELAND,OTHER,ONEIDA,Straight and Level,Rain,No Passing Zone,Wet,Deer,1,4,1,20
653,2015,Property Damage & Injury Accident,11:02,2015-01-01,Thursday,Y,Daylight,MARSHALL,OTHER,ONEIDA,Straight and Level,Cloudy,No Passing Zone,Dry,Earth Embankment/Rock Cut/Ditch Collision With Fixed Object,1,1,1,12
654,2015,Property Damage Accident,6:46,2015-01-01,Thursday,Y,Dark-Road Unlighted,AUGUSTA,OTHER,ONEIDA,Straight and Grade,Snow,No Passing Zone,Snow/Ice,Earth Embankment/Rock Cut/Ditch Collision With Fixed Object,1,1,1,7
655,2015,Property Damage & Injury Accident,17:40,2015-01-05,Monday,Y,Dark-Road Unlighted,WHITESTOWN,OTHER,ONEIDA,Straight and Grade,Snow,No Passing Zone,Snow/Ice,Light Support/Utility Pole Collision With Fixed Object,1,5,1,18
656,2015,Property Damage Accident,11:34,2015-01-02,Friday,Y,Daylight,ORANGE,OTHER,SCHUYLER,Curve and Level,Snow,None,Snow/Ice,Earth Embankment/Rock Cut/Ditch Collision With Fixed Object,1,2,1,12
657,2015,Property Damage Accident,11:47,2015-01-02,Friday,Y,Daylight,TYRONE,OTHER,SCHUYLER,Curve and Level,Snow,None,Snow/Ice,Earth Embankment/Rock Cut/Ditch Collision With Fixed Object,1,2,1,12
658,2015,Property Damage Accident,10:34,2015-01-02,Friday,Y,Daylight,ROCHESTER,REAR END,MONROE,Straight and Level,Cloudy,Stop Sign,Wet,Other Motor Vehicle Collision With,2,2,1,11
659,2015,Property Damage Accident,9:01,2015-01-02,Friday,Y,Daylight,ROCHESTER,LEFT TURN (3),MONROE,Straight and Level,Cloudy,None,Wet,Other Motor Vehicle Collision With,2,2,1,10
660,2015,Property Damage Accident,13:20,2015-01-02,Friday,Y,Daylight,ROCHESTER,REAR END,MONROE,Straight and Level,Cloudy,Traffic Signal,Dry,Other Motor Vehicle Collision With,2,2,1,14
661,2015,Property Damage Accident,14:19,2015-01-02,Friday,Y,Daylight,ROCHESTER,OVERTAKING,MONROE,Straight and Level,Clear,None,Dry,Other Motor Vehicle Collision With,2,2,1,15
662,2015,Property Damage & Injury Accident,11:28,2015-01-02,Friday,Y,Daylight,ROCHESTER,OTHER,MONROE,Straight and Level,Snow,None,Snow/Ice,Other Motor Vehicle Collision With,3,2,1,12
663,2015,Property Damage & Injury Accident,21:50,2015-01-03,Saturday,Y,Dark-Road Unlighted,MOUNT PLEASANT,OTHER,WESTCHESTER,Curve and Level,Sleet/Hail/Freezing Rain,None,Snow/Ice,Other Motor Vehicle Collision With,3,3,1,22
664,2015,Property Damage Accident,15:15,2015-01-03,Saturday,Y,Daylight,NORTH SALEM,REAR END,WESTCHESTER,Curve and Level,Snow,None,Snow/Ice,Other Motor Vehicle Collision With,2,3,1,16
665,2015,Property Damage & Injury Accident,16:11,2015-01-03,Saturday,Y,Dusk,FRIENDSHIP,OTHER,ALLEGANY,Straight and Level,Sleet/Hail/Freezing Rain,None,Snow/Ice,Guide Rail - Not At End Collision With Fixed Object,1,3,1,17
666,2015,Property Damage & Injury Accident,14:40,2015-01-03,Saturday,Y,Daylight,NORTH CASTLE,RIGHT ANGLE,WESTCHESTER,Straight and Grade,Snow,Yield Sign,Snow/Ice,Other Motor Vehicle Collision With,2,3,1,15
667,2015,Property Damage Accident,3:51,2015-01-03,Saturday,Y,Dark-Road Unlighted,SALINA,OTHER,ONONDAGA,Curve and Level,Clear,None,Dry,Guide Rail - Not At End Collision With Fixed Object,1,3,1,4
668,2015,Property Damage Accident,15:47,2015-01-03,Saturday,Y,Daylight,NORTH CASTLE,OTHER,WESTCHESTER,Straight and Level,Snow,None,Snow/Ice,Guide Rail - Not At End Collision With Fixed Object,1,3,1,16
669,2015,Property Damage Accident,14:50,2015-01-03,Saturday,Y,Daylight,SOMERS,OTHER,WESTCHESTER,Curve and Grade,Snow,No Passing Zone,Snow/Ice,Other Fixed Object* Collision With Fixed Object,1,3,1,15
670,2015,Property Damage Accident,14:00,2015-01-03,Saturday,Y,Daylight,SOMERS,RIGHT ANGLE,WESTCHESTER,Straight and Level,Snow,Stop Sign,Snow/Ice,Other Motor Vehicle Collision With,2,3,1,15
671,2015,Property Damage Accident,17:30,2015-01-03,Saturday,Y,Dark-Road Unlighted,FRIENDSHIP,OTHER,ALLEGANY,Curve and Level,Sleet/Hail/Freezing Rain,None,Snow/Ice,Sign Post Collision With Fixed Object,1,3,1,18
672,2015,Property Damage Accident,12:45,2015-01-03,Saturday,Y,Daylight,CAMPBELL,OTHER,STEUBEN,Curve and Level,Cloudy,No Passing Zone,Snow/Ice,Tree Collision With Fixed Object,1,3,1,13
673,2015,Property Damage Accident,14:05,2015-01-03,Saturday,Y,Daylight,ERWIN,OTHER,STEUBEN,Straight and Level,Sleet/Hail/Freezing Rain,No Passing Zone,Slush,Tree Collision With Fixed Object,1,3,1,15
674,2015,Property Damage & Injury Accident,4:50,2015-01-05,Monday,Y,Dark-Road Unlighted,WEST UNION,OTHER,STEUBEN,Straight and Grade,Snow,No Passing Zone,Snow/Ice,Earth Embankment/Rock Cut/Ditch Collision With Fixed Object,1,5,1,5
675,2015,Property Damage Accident,18:09,2015-01-04,Sunday,Y,Dark-Road Unlighted,TUSCARORA,OTHER,STEUBEN,Straight and Level,Cloudy,No Passing Zone,Dry,Deer,1,4,1,19
676,2015,Property Damage & Injury Accident,15:13,2015-01-03,Saturday,Y,Daylight,HURLEY,HEAD ON,ULSTER,Straight and Grade,Snow,None,Snow/Ice,Other Motor Vehicle Collision With,2,3,1,16
677,2015,Injury Accident,11:04,2015-01-04,Sunday,Y,Daylight,DENMARK,OTHER,LEWIS,Straight and Level,Rain,None,Snow/Ice,Tree Collision With Fixed Object,1,4,1,12
678,2015,Property Damage Accident,19:40,2015-01-01,Thursday,Y,Dark-Road Unlighted,ROCHESTER,OTHER,ULSTER,Straight and Grade,Cloudy,No Passing Zone,Dry,Deer,1,1,1,20
679,2015,Injury Accident,21:30,2015-01-03,Saturday,Y,Dark-Road Unlighted,CROGHAN,OTHER,LEWIS,Straight and Grade,Sleet/Hail/Freezing Rain,None,Snow/Ice,Guide Rail - Not At End Collision With Fixed Object,1,3,1,22
680,2015,Property Damage Accident,18:52,2015-01-04,Sunday,Y,Dark-Road Unlighted,WAWARSING,OTHER,ULSTER,Straight and Level,Rain,None,Wet,Deer,1,4,1,19
681,2015,Property Damage Accident,19:40,2015-01-02,Friday,Y,Dark-Road Lighted,WAWARSING,OTHER,ULSTER,Straight and Level,Clear,None,Dry,Deer,1,2,1,20
682,2015,Property Damage Accident,11:33,2015-01-01,Thursday,Y,Daylight,CHAMPION,RIGHT ANGLE,JEFFERSON,Straight and Grade,Snow,None,Snow/Ice,Other Motor Vehicle Collision With,2,1,1,12
683,2015,Property Damage Accident,13:30,2015-01-03,Saturday,Y,Daylight,NEW PALTZ,OTHER,ULSTER,Curve and Grade,Snow,No Passing Zone,Snow/Ice,Other Motor Vehicle Collision With,3,3,1,14
684,2015,Property Damage Accident,15:00,2015-01-03,Saturday,Y,Daylight,SOMERS,RIGHT ANGLE,WESTCHESTER,Straight and Level,Snow,Traffic Signal,Snow/Ice,Other Motor Vehicle Collision With,2,3,1,16
685,2015,Property Damage Accident,16:35,2015-01-03,Saturday,Y,Dark-Road Unlighted,SOMERS,OTHER,WESTCHESTER,Curve and Level,Snow,No Passing Zone,Snow/Ice,Light Support/Utility Pole Collision With Fixed Object,1,3,1,17
686,2015,Property Damage Accident,11:50,2015-01-05,Monday,Y,Daylight,ANGELICA,OTHER,ALLEGANY,Straight and Level,Cloudy,Stop Sign,Snow/Ice,Earth Embankment/Rock Cut/Ditch Collision With Fixed Object,1,5,1,12
687,2015,Property Damage Accident,12:24,2015-01-05,Monday,Y,Daylight,ALMOND,OTHER,ALLEGANY,Straight and Level,Cloudy,No Passing Zone,Snow/Ice,Earth Embankment/Rock Cut/Ditch Collision With Fixed Object,1,5,1,13
688,2015,Property Damage Accident,14:27,2015-01-04,Sunday,Y,Daylight,GROVE,OTHER,ALLEGANY,Straight and Level,Cloudy,None,Wet,Deer,1,4,1,15
689,2015,Property Damage & Injury Accident,14:45,2015-01-03,Saturday,Y,Daylight,LEWISBORO,OTHER,WESTCHESTER,Curve and Grade,Snow,No Passing Zone,Snow/Ice,Guide Rail - Not At End Collision With Fixed Object,1,3,1,15
690,2015,Property Damage & Injury Accident,13:08,2015-01-03,Saturday,Y,Daylight,CORTLANDT,REAR END,WESTCHESTER,Curve and Level,Snow,None,Snow/Ice,Other Motor Vehicle Collision With,2,3,1,14
691,2015,Property Damage & Injury Accident,23:24,2015-01-02,Friday,Y,Dark-Road Unlighted,HENRIETTA,OTHER,MONROE,Straight and Level,Clear,None,Dry,Deer,1,2,1,24
692,2015,Property Damage Accident,13:30,2015-01-04,Sunday,Y,Daylight,NEW PALTZ,OTHER,ULSTER,Curve and Grade,Snow,No Passing Zone,Snow/Ice,Other Motor Vehicle Collision With,3,4,1,14
693,2015,Property Damage Accident,23:50,2015-01-03,Saturday,Y,Dark-Road Unlighted,MOHAWK,OTHER,MONTGOMERY,Straight and Level,Sleet/Hail/Freezing Rain,None,Snow/Ice,Earth Embankment/Rock Cut/Ditch Collision With Fixed Object,1,3,1,24
694,2015,Property Damage & Injury Accident,4:30,2015-01-04,Sunday,Y,Dark-Road Unlighted,FLORIDA,OTHER,MONTGOMERY,Curve and Grade,Sleet/Hail/Freezing Rain,None,Snow/Ice,Earth Embankment/Rock Cut/Ditch Collision With Fixed Object,1,4,1,5
695,2015,Property Damage & Injury Accident,6:10,2015-01-04,Sunday,Y,Dark-Road Unlighted,MOHAWK,OTHER,MONTGOMERY,Curve and Level,Rain,No Passing Zone,Wet,Earth Embankment/Rock Cut/Ditch Collision With Fixed Object,1,4,1,7
696,2015,Property Damage Accident,15:30,2015-01-01,Thursday,Y,Daylight,SARANAC,OTHER,CLINTON,Curve and Level,Cloudy,No Passing Zone,Snow/Ice,Guide Rail - Not At End Collision With Fixed Object,1,1,1,16
697,2015,Property Damage Accident,20:06,2015-01-04,Sunday,Y,Dark-Road Unlighted,SCHUYLER FALLS,OTHER,CLINTON,Curve and Level,Clear,None,Wet,Deer,1,4,1,21
698,2015,Property Damage Accident,3:00,2015-01-01,Thursday,Y,Dark-Road Unlighted,GERMAN FLATTS,OTHER,HERKIMER,Straight and Level,Clear,None,Dry,Deer,1,1,1,4
699,2015,Injury Accident,7:26,2015-01-05,Monday,Y,Daylight,SCHUYLER FALLS,REAR END,CLINTON,Straight and Grade,Clear,None,Dry,Other Motor Vehicle Collision With,2,5,1,8
700,2015,Property Damage & Injury Accident,18:45,2015-01-01,Thursday,Y,Dark-Road Unlighted,RICHLAND,REAR END,OSWEGO,Straight and Level,Clear,None,Snow/Ice,Other Motor Vehicle Collision With,2,1,1,19
701,2015,Property Damage & Injury Accident,21:15,2015-01-03,Saturday,Y,Dark-Road Unlighted,VERONA,HEAD ON,ONEIDA,Curve and Grade,Rain,No Passing Zone,Slush,Other Motor Vehicle Collision With,2,3,1,22
702,2015,Property Damage & Injury Accident,15:32,2015-01-03,Saturday,Y,Daylight,SULLIVAN,OTHER,MADISON,Straight and Level,Sleet/Hail/Freezing Rain,None,Snow/Ice,Tree Collision With Fixed Object,1,3,1,16
703,2015,Property Damage Accident,15:40,2015-01-03,Saturday,Y,Daylight,DEWITT,OTHER,ONONDAGA,Straight and Level,Sleet/Hail/Freezing Rain,None,Snow/Ice,Guide Rail - Not At End Collision With Fixed Object,1,3,1,16
704,2015,Property Damage Accident,16:44,2015-01-03,Saturday,Y,Dusk,VAN BUREN,OTHER,ONONDAGA,Straight and Level,Snow,None,Snow/Ice,Overturned Non-Collision,1,3,1,17
705,2015,Property Damage Accident,19:00,2015-01-03,Saturday,Y,Dark-Road Unlighted,GEDDES,OTHER,ONONDAGA,Straight and Level,Snow,None,Snow/Ice,Guide Rail - Not At End Collision With Fixed Object,1,3,1,20
706,2015,Property Damage Accident,13:21,2015-01-04,Sunday,Y,Daylight,HOOSICK,REAR END,RENSSELAER,Straight and Grade,Cloudy,None,Wet,Other Motor Vehicle Collision With,2,4,1,14
707,2015,Property Damage Accident,18:15,2015-01-03,Saturday,Y,Dark-Road Unlighted,SULLIVAN,OTHER,MADISON,Straight and Level,Sleet/Hail/Freezing Rain,None,Snow/Ice,Guide Rail - Not At End Collision With Fixed Object,1,3,1,19
708,2015,Property Damage Accident,20:02,2015-01-03,Saturday,Y,Dark-Road Unlighted,FRIENDSHIP,OTHER,ALLEGANY,Curve and Grade,Sleet/Hail/Freezing Rain,No Passing Zone,Slush,Guide Rail - Not At End Collision With Fixed Object,1,3,1,21
709,2015,Property Damage & Injury Accident,17:12,2015-01-03,Saturday,Y,Dark-Road Unlighted,FAIRFIELD,HEAD ON,HERKIMER,Straight and Grade,Snow,No Passing Zone,Snow/Ice,Other Motor Vehicle Collision With,2,3,1,18
710,2015,Property Damage Accident,3:58,2015-01-05,Monday,Y,Dark-Road Unlighted,FRANKFORT,OTHER,HERKIMER,Straight and Grade,Snow,None,Snow/Ice,Earth Embankment/Rock Cut/Ditch Collision With Fixed Object,1,5,1,4
711,2015,Injury Accident,17:33,2015-01-03,Saturday,Y,Dark-Road Unlighted,WINFIELD,OTHER,HERKIMER,Curve and Grade,Sleet/Hail/Freezing Rain,No Passing Zone,Snow/Ice,Light Support/Utility Pole Collision With Fixed Object,1,3,1,18
712,2015,Property Damage & Injury Accident,11:02,2015-01-03,Saturday,Y,Daylight,LINDLEY,RIGHT ANGLE,STEUBEN,Straight and Grade,Sleet/Hail/Freezing Rain,None,Snow/Ice,Culver/Head Wall Collision With Fixed Object,2,3,1,12
713,2015,Property Damage & Injury Accident,21:25,2015-01-03,Saturday,Y,Dark-Road Lighted,PLATTSBURG,RIGHT ANGLE,CLINTON,Straight and Level,Snow,Traffic Signal,Snow/Ice,Other Motor Vehicle Collision With,2,3,1,22
714,2015,Property Damage & Injury Accident,7:31,2015-01-05,Monday,Y,Daylight,SCHOHARIE,OTHER,SCHOHARIE,Straight and Grade,Cloudy,None,Slush,Other Fixed Object* Collision With Fixed Object,1,5,1,8
715,2015,Property Damage & Injury Accident,14:20,2015-01-03,Saturday,Y,Daylight,PLATTSBURG,OTHER,CLINTON,Curve and Grade,Snow,No Passing Zone,Snow/Ice,Overturned Non-Collision,1,3,1,15
716,2015,Property Damage Accident,11:15,2015-01-03,Saturday,Y,Daylight,LINDLEY,OTHER,STEUBEN,Curve and Grade,Sleet/Hail/Freezing Rain,None,Snow/Ice,Earth Embankment/Rock Cut/Ditch Collision With Fixed Object,1,3,1,12
717,2015,Property Damage Accident,14:38,2015-01-03,Saturday,Y,Daylight,SCHODACK,OTHER,RENSSELAER,Straight and Grade,Snow,None,Snow/Ice,Guide Rail - Not At End Collision With Fixed Object,1,3,1,15
718,2015,Property Damage & Injury Accident,15:25,2015-01-03,Saturday,Y,Daylight,GREENBURGH,OVERTAKING,WESTCHESTER,Curve and Grade,Sleet/Hail/Freezing Rain,None,Snow/Ice,Other Motor Vehicle Collision With,2,3,1,16
719,2015,Property Damage Accident,16:15,2015-01-03,Saturday,Y,Dusk,AMENIA,OTHER,DUTCHESS,Curve and Grade,Snow,No Passing Zone,Snow/Ice,Fence Collision With Fixed Object,1,3,1,17
720,2015,Property Damage & Injury Accident,13:18,2015-01-01,Thursday,Y,Daylight,MALONE,OTHER,FRANKLIN,Curve and Grade,Snow,No Passing Zone,Snow/Ice,Tree Collision With Fixed Object,1,1,1,14
721,2015,Property Damage Accident,4:25,2015-01-05,Monday,Y,Dark-Road Unlighted,BOONVILLE,OTHER,ONEIDA,Straight and Level,Snow,None,Snow/Ice,Deer,1,5,1,5
722,2015,Property Damage Accident,15:25,2015-01-01,Thursday,Y,Daylight,WAVERLY,OTHER,FRANKLIN,Straight at Hill Crest,Snow,None,Snow/Ice,Earth Embankment/Rock Cut/Ditch Collision With Fixed Object,1,1,1,16
723,2015,Property Damage & Injury Accident,2:10,2015-01-04,Sunday,Y,Dark-Road Unlighted,MOUNT PLEASANT,OTHER,WESTCHESTER,Curve and Level,Sleet/Hail/Freezing Rain,None,Snow/Ice,Guide Rail - Not At End Collision With Fixed Object,1,4,1,3
724,2015,Property Damage Accident,15:41,2015-01-03,Saturday,Y,Daylight,GREEN ISLAND,OVERTAKING,ALBANY,Straight and Level,Snow,None,Snow/Ice,Other Motor Vehicle Collision With,2,3,1,16
725,2015,Property Damage Accident,14:00,2015-01-03,Saturday,Y,Daylight,OTEGO,OTHER,OTSEGO,Straight and Level,Snow,None,Snow/Ice,Guide Rail - Not At End Collision With Fixed Object,1,3,1,15
726,2015,Property Damage Accident,17:04,2015-01-03,Saturday,Y,Dark-Road Unlighted,COLONIE,OTHER,ALBANY,Straight and Level,Snow,None,Snow/Ice,Guide Rail - Not At End Collision With Fixed Object,1,3,1,18
727,2015,Property Damage & Injury Accident,12:00,2015-01-04,Sunday,Y,Daylight,VIENNA,RIGHT ANGLE,ONEIDA,Straight and Level,Cloudy,Stop Sign,Wet,Other Motor Vehicle Collision With,2,4,1,13
728,2015,Property Damage Accident,14:44,2015-01-03,Saturday,Y,Daylight,MENANDS,OTHER,ALBANY,Straight and Level,Snow,None,Snow/Ice,Guide Rail - Not At End Collision With Fixed Object,1,3,1,15
729,2015,Property Damage & Injury Accident,14:35,2015-01-02,Friday,Y,Daylight,MARGARETVILLE,RIGHT ANGLE,DELAWARE,Straight and Level,Cloudy,No Passing Zone,Dry,Other Motor Vehicle Collision With,2,2,1,15
730,2015,Property Damage Accident,15:28,2015-01-03,Saturday,Y,Daylight,MENANDS,REAR END,ALBANY,Straight and Level,Snow,None,Snow/Ice,Guide Rail - Not At End Collision With Fixed Object,2,3,1,16
731,2015,Property Damage Accident,17:35,2015-01-03,Saturday,Y,Dark-Road Unlighted,ROME,OTHER,ONEIDA,Straight and Grade,Sleet/Hail/Freezing Rain,None,Snow/Ice,Light Support/Utility Pole Collision With Fixed Object,1,3,1,18
732,2015,Property Damage Accident,11:20,2015-01-05,Monday,Y,Daylight,WELLSVILLE,RIGHT ANGLE,ALLEGANY,Straight and Level,Cloudy,None,Snow/Ice,Other Motor Vehicle Collision With,2,5,1,12
733,2015,Property Damage & Injury Accident,12:05,2015-01-02,Friday,Y,Daylight,HEMPSTEAD,OTHER,NASSAU,Curve and Level,Clear,None,Dry,Guide Rail - Not At End Collision With Fixed Object,1,2,1,13
734,2015,Property Damage Accident,14:24,2015-01-03,Saturday,Y,Daylight,TUXEDO,OVERTAKING,ORANGE,Straight and Grade,Snow,None,Snow/Ice,Other Motor Vehicle Collision With,2,3,1,15
735,2015,Property Damage Accident,15:48,2015-01-03,Saturday,Y,Daylight,SLOATSBURG,OTHER,ROCKLAND,Straight and Grade,Snow,None,Snow/Ice,Guide Rail - Not At End Collision With Fixed Object,1,3,1,16
736,2015,Property Damage Accident,15:42,2015-01-03,Saturday,Y,Daylight,,OTHER,ORANGE,Straight and Grade,Snow,None,Snow/Ice,Guide Rail - Not At End Collision With Fixed Object,1,3,1,16
737,2015,Property Damage & Injury Accident,15:55,2015-01-03,Saturday,Y,Daylight,SLOATSBURG,OVERTAKING,ROCKLAND,Straight and Level,Snow,None,Snow/Ice,Other Motor Vehicle Collision With,2,3,1,16
738,2015,Property Damage Accident,17:10,2015-01-04,Sunday,Y,Dark-Road Unlighted,PLATTEKILL,REAR END,ULSTER,Straight and Level,Clear,None,Wet,Other Motor Vehicle Collision With,2,4,1,18
739,2015,Property Damage Accident,18:28,2015-01-04,Sunday,Y,Dark-Road Unlighted,RAMAPO,OTHER,ROCKLAND,Straight and Level,Clear,None,Wet,Other* Non-Collision,1,4,1,19
740,2015,Property Damage Accident,15:14,2015-01-03,Saturday,Y,Daylight,WHITE PLAINS,OTHER,WESTCHESTER,Straight and Level,Snow,None,Snow/Ice,Barrier Collision With Fixed Object,1,3,1,16
741,2015,Property Damage & Injury Accident,10:18,2015-01-02,Friday,Y,Daylight,NORFOLK,OTHER,ST. LAWRENCE,Curve and Level,Clear,No Passing Zone,Snow/Ice,Tree Collision With Fixed Object,1,2,1,11
742,2015,Property Damage Accident,16:15,2015-01-03,Saturday,Y,Daylight,ROXBURY,OTHER,DELAWARE,Curve and Level,Snow,No Passing Zone,Snow/Ice,Guide Rail - Not At End Collision With Fixed Object,1,3,1,17
743,2015,Property Damage Accident,15:28,2015-01-03,Saturday,Y,Daylight,MENANDS,OVERTAKING,ALBANY,Straight and Level,Snow,None,Snow/Ice,Guide Rail - Not At End Collision With Fixed Object,2,3,1,16
744,2015,Property Damage Accident,17:45,2015-01-03,Saturday,Y,Dark-Road Unlighted,COLONIE,OTHER,ALBANY,Straight and Level,Snow,None,Snow/Ice,Median - Not At End Collision With Fixed Object,1,3,1,18
745,2015,Property Damage & Injury Accident,13:55,2015-01-04,Sunday,Y,Daylight,HEMPSTEAD,OVERTAKING,NASSAU,Curve and Level,Cloudy,None,Wet,Other Motor Vehicle Collision With,2,4,1,14