id,Year,Crash Descriptor,Time,Date,Day of Week,Police Report,Lighting Conditions,Municipality,Collision Type Descriptor,County Name,Road Descriptor,Weather Conditions,Traffic Control Device,Road Surface Conditions,Event Descriptor,Number of Vehicles Involved,day,month,hour
746,2015,Property Damage Accident,20:30,2015-01-03,Saturday,Y,Dark-Road Unlighted,COLONIE,OTHER,ALBANY,Straight and Grade,Sleet/Hail/Freezing Rain,None,Snow/Ice,Guide Rail - Not At End Collision With Fixed Object,1,3,1,21
747,2015,Property Damage Accident,8:00,2015-01-03,Saturday,Y,Daylight,CANANDAIGUA,RIGHT ANGLE,ONTARIO,Curve and Level,Cloudy,No Passing Zone,Dry,Other Motor Vehicle Collision With,2,3,1,9
748,2015,Property Damage Accident,9:52,2015-01-03,Saturday,Y,Daylight,VICTOR,RIGHT ANGLE,ONTARIO,Straight and Level,Cloudy,Traffic Signal,Dry,Sign Post Collision With Fixed Object,2,3,1,10
749,2015,Property Damage Accident,13:47,2015-01-03,Saturday,Y,Daylight,VICTOR,REAR END,ONTARIO,Straight and Level,Sleet/Hail/Freezing Rain,Traffic Signal,Snow/Ice,Other Motor Vehicle Collision With,2,3,1,14
750,2015,Property Damage Accident,19:11,2015-01-03,Saturday,Y,Dark-Road Unlighted,NORTH SYRACUSE,OVERTAKING,ONONDAGA,Straight and Level,Sleet/Hail/Freezing Rain,None,Slush,Other Motor Vehicle Collision With,2,3,1,20
751,2015,Property Damage & Injury Accident,17:21,2015-01-05,Monday,Y,Dark-Road Lighted,HEMPSTEAD,OTHER,NASSAU,Straight and Level,Clear,None,Dry,Other Motor Vehicle Collision With,4,5,1,18
752,2015,Property Damage & Injury Accident,22:40,2015-01-02,Friday,Y,Dark-Road Lighted,HEMPSTEAD,OTHER,NASSAU,Straight and Level,Clear,None,Dry,Ran Off Roadway Only Non-Collision,1,2,1,23
753,2015,Property Damage Accident,15:30,2015-01-04,Sunday,Y,Daylight,ELBRIDGE,REAR END,ONONDAGA,Straight and Level,Cloudy,None,Wet,Other Motor Vehicle Collision With,2,4,1,16
754,2015,Property Damage & Injury Accident,19:00,2015-01-03,Saturday,Y,Dark-Road Lighted,HEMPSTEAD,OTHER,NASSAU,Straight and Grade,Rain,None,Wet,Guide Rail - Not At End Collision With Fixed Object,1,3,1,20
755,2015,Property Damage & Injury Accident,17:00,2015-01-03,Saturday,Y,Dark-Road Lighted,HEMPSTEAD,OTHER,NASSAU,Straight and Level,Rain,None,Wet,Other Motor Vehicle Collision With,3,3,1,18
756,2015,Property Damage Accident,0:21,2015-01-02,Friday,Y,Dark-Road Lighted,CONQUEST,OTHER,CAYUGA,Straight and Grade,Snow,None,Snow/Ice,Animal Collision With,1,2,1,1
757,2015,Injury Accident,18:21,2015-01-05,Monday,Y,Dark-Road Lighted,HEMPSTEAD,REAR END,NASSAU,Straight and Level,Cloudy,None,Dry,Other Motor Vehicle Collision With,2,5,1,19
758,2015,Property Damage Accident,6:15,2015-01-05,Monday,Y,Dark-Road Unlighted,WILLIAMSON,OTHER,WAYNE,Straight and Level,Cloudy,No Passing Zone,Dry,Deer,1,5,1,7
759,2015,Property Damage Accident,15:16,2015-01-02,Friday,Y,Daylight,WESTBURY,REAR END,NASSAU,Curve and Level,Clear,None,Dry,Other Motor Vehicle Collision With,2,2,1,16
760,2015,Property Damage Accident,9:45,2015-01-04,Sunday,Y,Daylight,WESTBURY,OTHER,NASSAU,Curve and Level,Rain,None,Wet,Guide Rail - Not At End Collision With Fixed Object,1,4,1,10
761,2015,Injury Accident,16:25,2015-01-03,Saturday,Y,Dusk,WILLIAMSON,OTHER,WAYNE,Straight and Level,Sleet/Hail/Freezing Rain,None,Slush,Guide Rail - Not At End Collision With Fixed Object,1,3,1,17
762,2015,Injury Accident,14:09,2015-01-03,Saturday,Y,Daylight,SUFFERN,OTHER,ROCKLAND,Straight and Level,Snow,None,Snow/Ice,Barrier Collision With Fixed Object,1,3,1,15
763,2015,Property Damage Accident,14:38,2015-01-03,Saturday,Y,Daylight,RAMAPO,OTHER,ROCKLAND,Straight and Level,Snow,None,Snow/Ice,Guide Rail - Not At End Collision With Fixed Object,1,3,1,15
764,2015,Property Damage Accident,15:56,2015-01-03,Saturday,Y,Daylight,SUFFERN,OTHER,ROCKLAND,Straight and Level,Snow,None,Snow/Ice,Barrier Collision With Fixed Object,1,3,1,16
765,2015,Property Damage Accident,19:40,2015-01-03,Saturday,Y,Dark-Road Unlighted,WALLKILL,OTHER,ORANGE,Straight and Level,Rain,None,Snow/Ice,Guide Rail - Not At End Collision With Fixed Object,1,3,1,20
766,2015,Property Damage & Injury Accident,6:46,2015-01-05,Monday,Y,Dawn,TUXEDO,OTHER,ORANGE,Straight and Level,Clear,None,Dry,Guide Rail - Not At End Collision With Fixed Object,1,5,1,7
767,2015,Property Damage Accident,19:35,2015-01-03,Saturday,Y,Dark-Road Unlighted,WALLKILL,OTHER,ORANGE,Straight and Grade,Sleet/Hail/Freezing Rain,None,Slush,Guide Rail - Not At End Collision With Fixed Object,1,3,1,20
768,2015,Property Damage Accident,9:18,2015-01-04,Sunday,Y,Daylight,HEMPSTEAD,OTHER,NASSAU,Curve and Level,Rain,None,Wet,Guide Rail - Not At End Collision With Fixed Object,1,4,1,10
769,2015,Property Damage & Injury Accident,6:42,2015-01-05,Monday,Y,Daylight,,OVERTAKING,ORANGE,Straight and Level,Cloudy,None,Dry,Other Motor Vehicle Collision With,2,5,1,7
770,2015,Property Damage Accident,15:38,2015-01-03,Saturday,Y,Daylight,NEW PALTZ,REAR END,ULSTER,Straight and Level,Snow,None,Snow/Ice,Other Motor Vehicle Collision With,2,3,1,16
771,2015,Property Damage & Injury Accident,14:20,2015-01-04,Sunday,Y,Daylight,NEWBURGH,REAR END,ORANGE,Straight and Level,Cloudy,None,Wet,Other Motor Vehicle Collision With,2,4,1,15
772,2015,Property Damage Accident,19:38,2015-01-03,Saturday,Y,Dark-Road Unlighted,WALLKILL,OTHER,ORANGE,Straight and Level,Snow,None,Snow/Ice,Guide Rail - Not At End Collision With Fixed Object,1,3,1,20
773,2015,Property Damage Accident,18:01,2015-01-03,Saturday,Y,Dark-Road Unlighted,GOSHEN,OTHER,ORANGE,Straight and Grade,Rain,None,Snow/Ice,Guide Rail - Not At End Collision With Fixed Object,1,3,1,19
774,2015,Property Damage Accident,13:28,2015-01-04,Sunday,Y,Daylight,HEMPSTEAD,OVERTAKING,NASSAU,Curve and Grade,Rain,None,Wet,Other Motor Vehicle Collision With,2,4,1,14
775,2015,Injury Accident,16:47,2015-01-03,Saturday,Y,Daylight,NEW PALTZ,REAR END,ULSTER,Straight and Level,Snow,None,Snow/Ice,Other Motor Vehicle Collision With,2,3,1,17
776,2015,Property Damage & Injury Accident,1:40,2015-01-04,Sunday,Y,Dark-Road Lighted,WALLKILL,OTHER,ORANGE,Straight and Level,Rain,None,Slush,Bridge Structure Collision With Fixed Object,1,4,1,2
777,2015,Property Damage Accident,22:33,2015-01-03,Saturday,Y,Dark-Road Unlighted,WALLKILL,OTHER,ORANGE,Curve and Grade,Rain,None,Slush,Guide Rail - Not At End Collision With Fixed Object,1,3,1,23
778,2015,Property Damage Accident,14:47,2015-01-05,Monday,Y,Daylight,WALLKILL,REAR END,ORANGE,Straight and Level,Clear,Traffic Signal,Dry,Other Motor Vehicle Collision With,2,5,1,15
779,2015,Property Damage Accident,13:28,2015-01-03,Saturday,Y,Daylight,,OTHER,ORANGE,Curve and Grade,Snow,None,Snow/Ice,Barrier Collision With Fixed Object,1,3,1,14
780,2015,Property Damage Accident,15:45,2015-01-03,Saturday,Y,Daylight,KIRKWOOD,OTHER,BROOME,Curve and Level,Cloudy,None,Snow/Ice,Guide Rail - Not At End Collision With Fixed Object,1,3,1,16
781,2015,Property Damage Accident,18:45,2015-01-03,Saturday,Y,Dark-Road Unlighted,BARKER,OTHER,BROOME,Straight and Level,Rain,None,Slush,Fence Collision With Fixed Object,1,3,1,19
782,2015,Property Damage Accident,16:14,2015-01-03,Saturday,Y,Daylight,EAST FISHKILL,OTHER,DUTCHESS,Straight and Level,Snow,None,Snow/Ice,Earth Embankment/Rock Cut/Ditch Collision With Fixed Object,1,3,1,17
783,2015,Property Damage Accident,13:50,2015-01-03,Saturday,Y,Daylight,WHITNEY POINT,SIDESWIPE,BROOME,Straight and Grade,Snow,Stop Sign,Snow/Ice,Other Motor Vehicle Collision With,2,3,1,14
784,2015,Property Damage & Injury Accident,14:40,2015-01-02,Friday,Y,Daylight,SOUTHEAST,REAR END,PUTNAM,Straight and Level,Clear,Traffic Signal,Dry,Other Motor Vehicle Collision With,2,2,1,15
785,2015,Property Damage Accident,15:45,2015-01-03,Saturday,Y,Daylight,SOUTHEAST,OTHER,PUTNAM,Straight and Grade,Snow,No Passing Zone,Snow/Ice,Earth Embankment/Rock Cut/Ditch Collision With Fixed Object,1,3,1,16
786,2015,Property Damage Accident,15:46,2015-01-03,Saturday,Y,Daylight,BARKER,OTHER,BROOME,Straight and Level,Cloudy,None,Snow/Ice,Earth Embankment/Rock Cut/Ditch Collision With Fixed Object,1,3,1,16
787,2015,Property Damage Accident,18:50,2015-01-03,Saturday,Y,Dark-Road Unlighted,SOUTHEAST,OTHER,PUTNAM,Curve and Grade,Snow,No Passing Zone,Snow/Ice,Earth Embankment/Rock Cut/Ditch Collision With Fixed Object,1,3,1,19
788,2015,Property Damage Accident,21:04,2015-01-03,Saturday,Y,Dark-Road Unlighted,TRIANGLE,OTHER,BROOME,Straight and Grade,Sleet/Hail/Freezing Rain,None,Snow/Ice,Guide Rail - End Collision With Fixed Object,1,3,1,22
789,2015,Property Damage Accident,19:51,2015-01-03,Saturday,Y,Dark-Road Unlighted,CICERO,OTHER,ONONDAGA,Straight and Level,Sleet/Hail/Freezing Rain,None,Snow/Ice,Guide Rail - Not At End Collision With Fixed Object,1,3,1,20
790,2015,Injury Accident,19:20,2015-01-03,Saturday,Y,Dark-Road Unlighted,HAMPTONBURGH,OTHER,ORANGE,Curve and Level,Sleet/Hail/Freezing Rain,No Passing Zone,Snow/Ice,Other Motor Vehicle Collision With,2,3,1,20
791,2015,Property Damage Accident,13:40,2015-01-03,Saturday,Y,Daylight,NEWBURGH,REAR END,ORANGE,Straight and Level,Snow,None,Snow/Ice,Other Motor Vehicle Collision With,2,3,1,14
792,2015,Property Damage Accident,7:28,2015-01-04,Sunday,Y,Dawn,WILTON,OTHER,SARATOGA,Straight and Level,Cloudy,None,Wet,Earth Embankment/Rock Cut/Ditch Collision With Fixed Object,1,4,1,8
793,2015,Property Damage & Injury Accident,15:50,2015-01-03,Saturday,Y,Daylight,NEW WINDSOR,OTHER,ORANGE,Curve and Grade,Snow,No Passing Zone,Snow/Ice,Tree Collision With Fixed Object,1,3,1,16
794,2015,Property Damage Accident,11:53,2015-01-04,Sunday,Y,Daylight,MILTON,OTHER,SARATOGA,Curve and Level,Cloudy,No Passing Zone,Snow/Ice,Earth Embankment/Rock Cut/Ditch Collision With Fixed Object,1,4,1,12
795,2015,Property Damage Accident,16:00,2015-01-04,Sunday,Y,Dusk,HAVERSTRAW,OTHER,ROCKLAND,Curve and Level,Cloudy,None,Wet,Tree Collision With Fixed Object,1,4,1,17
796,2015,Property Damage & Injury Accident,16:23,2015-01-05,Monday,Y,Dusk,NEWFIELD,REAR END,TOMPKINS,Curve and Level,Cloudy,No Passing Zone,Dry,Other Motor Vehicle Collision With,2,5,1,17
797,2015,Injury Accident,13:43,2015-01-03,Saturday,Y,Daylight,MARATHON,OTHER,CORTLAND,Straight and Level,Snow,None,Snow/Ice,Earth Embankment/Rock Cut/Ditch Collision With Fixed Object,1,3,1,14
798,2015,Property Damage Accident,3:47,2015-01-03,Saturday,Y,Dark-Road Unlighted,ROUND LAKE,OTHER,SARATOGA,Straight and Level,Clear,None,Dry,Culver/Head Wall Collision With Fixed Object,1,3,1,4
799,2015,Property Damage Accident,15:30,2015-01-03,Saturday,Y,Daylight,PLEASANT VALLEY,OTHER,DUTCHESS,Curve and Grade,Snow,None,Snow/Ice,Guide Rail - Not At End Collision With Fixed Object,1,3,1,16
800,2015,Property Damage Accident,14:25,2015-01-03,Saturday,Y,Daylight,PLEASANT VALLEY,OTHER,DUTCHESS,Straight and Grade,Snow,None,Snow/Ice,Tree Collision With Fixed Object,1,3,1,15
801,2015,Property Damage Accident,1:16,2015-01-04,Sunday,Y,Dark-Road Lighted,ISLIP,REAR END,SUFFOLK,Straight and Level,Rain,None,Wet,Other Motor Vehicle Collision With,2,4,1,2
802,2015,Property Damage Accident,17:52,2015-01-01,Thursday,Y,Dark-Road Lighted,HUNTINGTON,REAR END,SUFFOLK,Straight and Level,Clear,Traffic Signal,Dry,Other Motor Vehicle Collision With,2,1,1,18
803,2015,Property Damage Accident,7:39,2015-01-03,Saturday,Y,Daylight,ISLIP,OTHER,SUFFOLK,Curve and Grade,Clear,None,Dry,Tree Collision With Fixed Object,1,3,1,8
804,2015,Property Damage Accident,14:55,2015-01-03,Saturday,Y,Daylight,BABYLON,REAR END,SUFFOLK,Straight and Level,Rain,None,Wet,Other Motor Vehicle Collision With,2,3,1,15
805,2015,Property Damage & Injury Accident,7:49,2015-01-04,Sunday,Y,Daylight,VIRGIL,OTHER,CORTLAND,Curve and Grade,Cloudy,None,Snow/Ice,Earth Embankment/Rock Cut/Ditch Collision With Fixed Object,1,4,1,8
806,2015,Injury Accident,2:07,2015-01-01,Thursday,Y,Dark-Road Lighted,HEMPSTEAD,REAR END,NASSAU,Straight and Level,Clear,Traffic Signal,Dry,Other Motor Vehicle Collision With,2,1,1,3
807,2015,Property Damage & Injury Accident,10:25,2015-01-01,Thursday,Y,Daylight,OYSTER BAY,OTHER,NASSAU,Straight and Level,Clear,None,Dry,Other Motor Vehicle Collision With,3,1,1,11
808,2015,Property Damage & Injury Accident,18:20,2015-01-01,Thursday,Y,Dark-Road Lighted,OYSTER BAY,REAR END,NASSAU,Straight and Level,Clear,Flashing Light,Dry,Other Motor Vehicle Collision With,2,1,1,19
809,2015,Property Damage Accident,0:40,2015-01-01,Thursday,Y,Dark-Road Unlighted,OGDEN,OTHER,MONROE,Straight and Grade,Snow,None,Snow/Ice,Guide Rail - Not At End Collision With Fixed Object,1,1,1,1
810,2015,Property Damage Accident,13:25,2015-01-01,Thursday,Y,Daylight,GATES,LEFT TURN (0),MONROE,Straight and Level,Clear,None,Wet,Other Motor Vehicle Collision With,2,1,1,14
811,2015,Property Damage Accident,2:38,2015-01-01,Thursday,Y,Dark-Road Lighted,PERINTON,OTHER,MONROE,Straight at Hill Crest,Cloudy,Traffic Signal,Snow/Ice,Curbing Collision With Fixed Object,1,1,1,3
812,2015,Property Damage Accident,13:45,2015-01-01,Thursday,Y,Daylight,EDEN,OTHER,ERIE,Straight and Level,Cloudy,None,Snow/Ice,Earth Embankment/Rock Cut/Ditch Collision With Fixed Object,1,1,1,14
813,2015,Property Damage Accident,4:00,2015-01-01,Thursday,Y,Dark-Road Lighted,HAMBURG,OTHER,ERIE,Curve and Grade,Snow,None,Snow/Ice,Sign Post Collision With Fixed Object,1,1,1,5
814,2015,Property Damage Accident,18:00,2015-01-01,Thursday,Y,Dark-Road Unlighted,CALEDONIA,OTHER,LIVINGSTON,Straight and Level,Snow,Stop Sign,Snow/Ice,Light Support/Utility Pole Collision With Fixed Object,1,1,1,19
815,2015,Property Damage & Injury Accident,9:40,2015-01-01,Thursday,Y,Daylight,ELBA,RIGHT ANGLE,GENESEE,Straight and Level,Snow,None,Snow/Ice,Other Motor Vehicle Collision With,2,1,1,10
816,2015,Property Damage Accident,3:30,2015-01-01,Thursday,Y,Dark-Road Lighted,HEMPSTEAD,OTHER,NASSAU,Curve and Level,Clear,None,Dry,Guide Rail - Not At End Collision With Fixed Object,1,1,1,4
817,2015,Property Damage & Injury Accident,3:05,2015-01-01,Thursday,Y,Dark-Road Unlighted,HEMPSTEAD,OTHER,NASSAU,Straight and Level,Clear,None,Dry,Overturned Non-Collision,1,1,1,4
818,2015,Property Damage Accident,9:50,2015-01-01,Thursday,Y,Daylight,FARMINGTON,OTHER,ONTARIO,Straight and Level,Snow,None,Snow/Ice,Earth Embankment/Rock Cut/Ditch Collision With Fixed Object,1,1,1,10
819,2015,Property Damage & Injury Accident,9:36,2015-01-01,Thursday,Y,Daylight,ISLIP,OTHER,SUFFOLK,Curve and Grade,Clear,None,Dry,Tree Collision With Fixed Object,1,1,1,10
820,2015,Property Damage Accident,7:40,2015-01-01,Thursday,Y,Daylight,ESOPUS,OTHER,ULSTER,Straight and Level,Clear,None,Dry,Sign Post Collision With Fixed Object,1,1,1,8
821,2015,Property Damage Accident,12:12,2015-01-01,Thursday,Y,Daylight,ANGELICA,LEFT TURN (0),ALLEGANY,Straight and Level,Clear,No Passing Zone,Dry,Other Motor Vehicle Collision With,2,1,1,13
822,2015,Property Damage Accident,16:07,2015-01-01,Thursday,Y,Daylight,ATHENS,OTHER,GREENE,Straight and Level,Clear,None,Dry,Guide Rail - Not At End Collision With Fixed Object,1,1,1,17
823,2015,Property Damage Accident,22:23,2015-01-01,Thursday,Y,Dark-Road Unlighted,CHENANGO,OTHER,BROOME,Straight and Level,Cloudy,None,Dry,Deer,1,1,1,23
824,2015,Property Damage Accident,16:06,2015-01-01,Thursday,Y,Daylight,RIVERHEAD,LEFT TURN (3),SUFFOLK,Straight and Level,Clear,Traffic Signal,Dry,Other Motor Vehicle Collision With,2,1,1,17
825,2015,Property Damage Accident,12:18,2015-01-01,Thursday,Y,Daylight,RIVERHEAD,OTHER,SUFFOLK,Straight and Level,Clear,None,Dry,Deer,1,1,1,13
826,2015,Property Damage & Injury Accident,0:56,2015-01-01,Thursday,Y,Dark-Road Lighted,RIVERHEAD,HEAD ON,SUFFOLK,Straight and Level,Clear,No Passing Zone,Dry,Other Motor Vehicle Collision With,2,1,1,1
827,2015,Property Damage Accident,19:10,2015-01-01,Thursday,Y,Dark-Road Lighted,HERKIMER,REAR END,HERKIMER,Straight and Level,Clear,None,Dry,Other Motor Vehicle Collision With,2,1,1,20
828,2015,Property Damage & Injury Accident,1:24,2015-01-01,Thursday,Y,Dark-Road Lighted,ALBANY,OTHER,ALBANY,Straight and Level,Cloudy,Traffic Signal,Dry,Other Motor Vehicle Collision With,10,1,1,2
829,2015,Property Damage Accident,4:11,2015-01-01,Thursday,Y,Dark-Road Unlighted,BATH,OTHER,STEUBEN,Curve and Grade,Cloudy,None,Dry,Light Support/Utility Pole Collision With Fixed Object,1,1,1,5
830,2015,Property Damage Accident,2:24,2015-01-01,Thursday,Y,Dark-Road Lighted,YONKERS,OTHER,WESTCHESTER,Straight and Level,Clear,None,Dry,Light Support/Utility Pole Collision With Fixed Object,1,1,1,3
831,2015,Property Damage Accident,20:06,2015-01-01,Thursday,Y,Dark-Road Lighted,COLONIE,REAR END,ALBANY,Straight and Level,Clear,Traffic Signal,Dry,Other Motor Vehicle Collision With,2,1,1,21
832,2015,Property Damage Accident,22:03,2015-01-01,Thursday,Y,Dark-Road Lighted,COLONIE,OVERTAKING,ALBANY,Straight and Level,Cloudy,None,Dry,Other Motor Vehicle Collision With,2,1,1,23
833,2015,Injury Accident,17:50,2015-01-02,Friday,Y,Dark-Road Lighted,BEDFORD,REAR END,WESTCHESTER,Straight and Grade,Clear,None,Dry,Other Motor Vehicle Collision With,2,2,1,18
834,2015,Property Damage & Injury Accident,0:59,2015-01-01,Thursday,Y,Dark-Road Unlighted,QUEENSBURY,OTHER,WARREN,Straight and Level,Clear,None,Dry,Tree Collision With Fixed Object,1,1,1,1
835,2015,Property Damage & Injury Accident,13:20,2015-01-01,Thursday,Y,Daylight,KENT,HEAD ON,PUTNAM,Straight and Level,Clear,No Passing Zone,Dry,Other Motor Vehicle Collision With,2,1,1,14
836,2015,Property Damage Accident,13:30,2015-01-02,Friday,Y,Daylight,OLEAN,RIGHT TURN (5),CATTARAUGUS,Straight and Level,Cloudy,None,Dry,Other Motor Vehicle Collision With,2,2,1,14
837,2015,Property Damage & Injury Accident,12:00,2015-01-02,Friday,Y,Daylight,MIDDLETOWN,REAR END,ORANGE,Straight and Level,Cloudy,Traffic Signal,Dry,Other Motor Vehicle Collision With,2,2,1,13
838,2015,Property Damage Accident,12:05,2015-01-02,Friday,Y,Daylight,,RIGHT ANGLE,ORANGE,Straight and Grade,Cloudy,None,Dry,Other Motor Vehicle Collision With,2,2,1,13
839,2015,Property Damage Accident,12:15,2015-01-02,Friday,Y,Daylight,NEWBURGH,OTHER,ORANGE,Straight and Level,Clear,None,Dry,Building/Wall Collision With Fixed Object,1,2,1,13
840,2015,Property Damage Accident,14:30,2015-01-02,Friday,Y,Daylight,OLEAN,REAR END,CATTARAUGUS,Straight and Level,Cloudy,Traffic Signal,Wet,Other Motor Vehicle Collision With,2,2,1,15
841,2015,Property Damage & Injury Accident,10:05,2015-01-02,Friday,Y,Daylight,OYSTER BAY,REAR END,NASSAU,Straight and Level,Clear,Traffic Signal,Dry,Other Motor Vehicle Collision With,2,2,1,11
842,2015,Property Damage Accident,12:50,2015-01-02,Friday,Y,Daylight,CEDARHURST,LEFT TURN (3),NASSAU,Straight and Level,Clear,Traffic Signal,Dry,Other Motor Vehicle Collision With,2,2,1,13
843,2015,Property Damage Accident,11:55,2015-01-02,Friday,Y,Daylight,HEMPSTEAD,OVERTAKING,NASSAU,Straight and Level,Clear,None,Dry,Other Motor Vehicle Collision With,2,2,1,12
844,2015,Property Damage & Injury Accident,14:30,2015-01-02,Friday,Y,Daylight,NORTH HEMPSTEAD,OTHER,NASSAU,Straight and Level,Clear,Traffic Signal,Dry,Other Motor Vehicle Collision With,3,2,1,15
845,2015,Property Damage & Injury Accident,10:55,2015-01-02,Friday,Y,Daylight,HEMPSTEAD,RIGHT ANGLE,NASSAU,Straight and Level,Cloudy,Stop Sign,Dry,Other Motor Vehicle Collision With,2,2,1,11
846,2015,Property Damage Accident,21:30,2015-01-01,Thursday,Y,Dark-Road Lighted,HEMPSTEAD,OVERTAKING,NASSAU,Straight and Level,Cloudy,None,Dry,Other Motor Vehicle Collision With,2,1,1,22
847,2015,Property Damage Accident,13:20,2015-01-02,Friday,Y,Daylight,CEDARHURST,REAR END,NASSAU,Straight and Level,Clear,Traffic Signal,Dry,Other Motor Vehicle Collision With,2,2,1,14
848,2015,Property Damage Accident,9:35,2015-01-02,Friday,Y,Daylight,HEMPSTEAD,REAR END,NASSAU,Straight and Level,Clear,Traffic Signal,Dry,Other Motor Vehicle Collision With,2,2,1,10
849,2015,Injury Accident,14:30,2015-01-02,Friday,Y,Daylight,OYSTER BAY,REAR END,NASSAU,Straight and Level,Clear,Traffic Signal,Dry,Other Motor Vehicle Collision With,2,2,1,15
850,2015,Property Damage & Injury Accident,14:30,2015-01-02,Friday,Y,Daylight,OYSTER BAY,OVERTAKING,NASSAU,Straight and Level,Clear,None,Dry,Other Motor Vehicle Collision With,2,2,1,15
851,2015,Property Damage Accident,16:15,2015-01-02,Friday,Y,Dusk,HEMPSTEAD,OVERTAKING,NASSAU,Straight and Level,Cloudy,Traffic Signal,Dry,Other Motor Vehicle Collision With,2,2,1,17
852,2015,Property Damage & Injury Accident,20:20,2015-01-01,Thursday,Y,Dark-Road Lighted,NORTH HEMPSTEAD,OTHER,NASSAU,Straight and Level,Clear,Traffic Signal,Dry,Other Motor Vehicle Collision With,3,1,1,21
853,2015,Property Damage & Injury Accident,17:30,2015-01-02,Friday,Y,Dark-Road Lighted,MINEOLA,RIGHT TURN (6),NASSAU,Straight and Grade,Clear,None,Dry,Other Motor Vehicle Collision With,2,2,1,18
854,2015,Property Damage Accident,17:30,2015-01-02,Friday,Y,Dark-Road Lighted,HEMPSTEAD,REAR END,NASSAU,Straight and Level,Clear,None,Dry,Other Motor Vehicle Collision With,2,2,1,18
855,2015,Property Damage & Injury Accident,20:55,2015-01-01,Thursday,Y,Dark-Road Lighted,OYSTER BAY,OTHER,NASSAU,Straight and Level,Clear,Traffic Signal,Dry,Other Motor Vehicle Collision With,3,1,1,21
856,2015,Property Damage Accident,8:40,2015-01-02,Friday,Y,Daylight,EAST ROCKAWAY,REAR END,NASSAU,Straight and Level,Clear,Traffic Signal,Dry,Other Motor Vehicle Collision With,2,2,1,9
857,2015,Property Damage & Injury Accident,12:10,2015-01-02,Friday,Y,Daylight,VALLEY STREAM,LEFT TURN (0),NASSAU,Straight and Level,Clear,None,Dry,Other Motor Vehicle Collision With,2,2,1,13
858,2015,Property Damage Accident,13:25,2015-01-02,Friday,Y,Daylight,HEMPSTEAD,REAR END,NASSAU,Straight and Level,Clear,None,Dry,Other Motor Vehicle Collision With,2,2,1,14
859,2015,Property Damage Accident,17:40,2015-01-02,Friday,Y,Dark-Road Lighted,HEMPSTEAD,SIDESWIPE,NASSAU,Straight and Level,Clear,None,Dry,Other Motor Vehicle Collision With,2,2,1,18
860,2015,Property Damage & Injury Accident,14:45,2015-01-02,Friday,Y,Daylight,OYSTER BAY,Unknown,NASSAU,Straight and Level,Clear,Traffic Signal,Dry,Other Motor Vehicle Collision With,2,2,1,15
861,2015,Property Damage Accident,12:45,2015-01-01,Thursday,Y,Daylight,WESTBURY,RIGHT ANGLE,NASSAU,Straight and Level,Cloudy,None,Dry,Other Motor Vehicle Collision With,2,1,1,13
862,2015,Property Damage Accident,13:35,2015-01-01,Thursday,Y,Daylight,HEMPSTEAD,LEFT TURN (3),NASSAU,Straight and Level,Clear,Stop Sign,Dry,Other Motor Vehicle Collision With,2,1,1,14
863,2015,Property Damage Accident,13:45,2015-01-02,Friday,Y,Daylight,HEMPSTEAD,REAR END,NASSAU,Straight and Level,Clear,Yield Sign,Dry,Other Motor Vehicle Collision With,2,2,1,14
864,2015,Property Damage Accident,13:55,2015-01-02,Friday,Y,Daylight,NORTH HEMPSTEAD,SIDESWIPE,NASSAU,Straight and Level,Clear,None,Dry,Other Motor Vehicle Collision With,2,2,1,14
865,2015,Property Damage Accident,12:15,2015-01-02,Friday,Y,Daylight,THOMASTON,REAR END,NASSAU,Straight and Level,Clear,Traffic Signal,Dry,Other Motor Vehicle Collision With,2,2,1,13
866,2015,Property Damage Accident,13:26,2015-01-02,Friday,Y,Daylight,GREAT NECK PLAZA,OVERTAKING,NASSAU,Straight and Level,Cloudy,Traffic Signal,Dry,Other Motor Vehicle Collision With,2,2,1,14
867,2015,Property Damage & Injury Accident,12:10,2015-01-02,Friday,Y,Daylight,BABYLON,RIGHT TURN (6),SUFFOLK,Curve and Grade,Clear,Stop Sign,Dry,Other Motor Vehicle Collision With,2,2,1,13
868,2015,Property Damage & Injury Accident,16:00,2015-01-01,Thursday,Y,Daylight,OYSTER BAY,OTHER,NASSAU,Straight and Level,Cloudy,None,Dry,Light Support/Utility Pole Collision With Fixed Object,1,1,1,17
869,2015,Property Damage Accident,15:30,2015-01-02,Friday,Y,Daylight,HEMPSTEAD,OVERTAKING,NASSAU,Straight and Level,Clear,None,Dry,Other Motor Vehicle Collision With,2,2,1,16
870,2015,Property Damage & Injury Accident,12:25,2015-01-02,Friday,Y,Daylight,OYSTER BAY,RIGHT ANGLE,NASSAU,Straight and Level,Clear,Traffic Signal,Dry,Other Motor Vehicle Collision With,2,2,1,13