id,Year,Crash Descriptor,Time,Date,Day of Week,Police Report,Lighting Conditions,Municipality,Collision Type Descriptor,County Name,Road Descriptor,Weather Conditions,Traffic Control Device,Road Surface Conditions,Event Descriptor,Number of Vehicles Involved,day,month,hour
871,2015,Property Damage Accident,13:30,2015-01-02,Friday,Y,Daylight,HEMPSTEAD,OTHER,NASSAU,Straight and Level,Clear,None,Dry,Other Motor Vehicle Collision With,3,2,1,14
872,2015,Injury Accident,12:45,2015-01-02,Friday,Y,Daylight,BAYVILLE,OTHER,NASSAU,Straight and Level,Clear,None,Dry,Other* Non-Collision,1,2,1,13
873,2015,Property Damage & Injury Accident,15:15,2015-01-02,Friday,Y,Daylight,OYSTER BAY,LEFT TURN (3),NASSAU,Straight and Level,Clear,None,Dry,Other Motor Vehicle Collision With,2,2,1,16
874,2015,Property Damage & Injury Accident,0:55,2015-01-02,Friday,Y,Dark-Road Lighted,HEMPSTEAD,OTHER,NASSAU,Straight and Level,Clear,None,Dry,Tree Collision With Fixed Object,1,2,1,1
875,2015,Property Damage & Injury Accident,19:15,2015-01-02,Friday,Y,Dark-Road Lighted,NORTH HEMPSTEAD,REAR END,NASSAU,Straight at Hill Crest,Cloudy,None,Dry,Other Motor Vehicle Collision With,2,2,1,20
876,2015,Property Damage Accident,4:21,2015-01-01,Thursday,Y,Dark-Road Lighted,GATES,OTHER,MONROE,Curve and Grade,Snow,None,Wet,Guide Rail - Not At End Collision With Fixed Object,1,1,1,5
877,2015,Property Damage & Injury Accident,18:57,2015-01-01,Thursday,Y,Dark-Road Lighted,IRONDEQUOIT,OTHER,MONROE,Curve and Level,Cloudy,None,Snow/Ice,Curbing Collision With Fixed Object,1,1,1,19
878,2015,Property Damage Accident,10:39,2015-01-02,Friday,Y,Daylight,BRIGHTON,LEFT TURN (3),MONROE,Straight and Level,Snow,None,Wet,Other Motor Vehicle Collision With,2,2,1,11
879,2015,Injury Accident,14:21,2015-01-02,Friday,Y,Daylight,BRIGHTON,REAR END,MONROE,Straight and Grade,Clear,None,Dry,Other Motor Vehicle Collision With,2,2,1,15
880,2015,Property Damage Accident,12:13,2015-01-01,Thursday,Y,Daylight,ULYSSES,OTHER,TOMPKINS,Curve and Level,Cloudy,None,Snow/Ice,Tree Collision With Fixed Object,1,1,1,13
881,2015,Property Damage Accident,1:04,2015-01-01,Thursday,Y,Dark-Road Unlighted,NEWFIELD,OTHER,TOMPKINS,Curve and Grade,Clear,None,Dry,Guide Rail - Not At End Collision With Fixed Object,1,1,1,2
882,2015,Property Damage & Injury Accident,20:16,2015-01-01,Thursday,Y,Dark-Road Lighted,POUGHKEEPSIE,LEFT TURN (3),DUTCHESS,Straight and Grade,Clear,Traffic Signal,Dry,Other Motor Vehicle Collision With,2,1,1,21
883,2015,Property Damage Accident,20:39,2015-01-01,Thursday,Y,Dark-Road Lighted,ROTTERDAM,LEFT TURN (0),SCHENECTADY,Curve and Level,Clear,Traffic Signal,Dry,Other Motor Vehicle Collision With,2,1,1,21
884,2015,Property Damage Accident,17:59,2015-01-02,Friday,Y,Dark-Road Lighted,ROTTERDAM,RIGHT ANGLE,SCHENECTADY,Straight and Level,Clear,None,Dry,Other Motor Vehicle Collision With,2,2,1,18
885,2015,Property Damage Accident,6:25,2015-01-02,Friday,Y,Dawn,POTSDAM,OTHER,ST. LAWRENCE,Curve and Level,Clear,None,Snow/Ice,Light Support/Utility Pole Collision With Fixed Object,1,2,1,7
886,2015,Property Damage Accident,6:01,2015-01-01,Thursday,Y,Dark-Road Lighted,SCHENECTADY,OVERTAKING,SCHENECTADY,Straight and Level,Clear,None,Dry,Other Motor Vehicle Collision With,2,1,1,7
887,2015,Property Damage Accident,6:49,2015-01-01,Thursday,Y,Dawn,SCHENECTADY,OTHER,SCHENECTADY,Straight and Level,Clear,None,Dry,Other Motor Vehicle Collision With,3,1,1,7
888,2015,Property Damage Accident,16:00,2015-01-01,Thursday,Y,Daylight,STAFFORD,OTHER,GENESEE,Straight and Level,Clear,None,Snow/Ice,Tree Collision With Fixed Object,1,1,1,17
889,2015,Property Damage Accident,21:00,2015-01-01,Thursday,Y,Dark-Road Unlighted,ELBA,OTHER,GENESEE,Straight and Level,Snow,None,Snow/Ice,Light Support/Utility Pole Collision With Fixed Object,1,1,1,22
890,2015,Property Damage Accident,15:07,2015-01-01,Thursday,Y,Daylight,BERGEN,OTHER,GENESEE,Straight and Level,Cloudy,None,Snow/Ice,Earth Embankment/Rock Cut/Ditch Collision With Fixed Object,1,1,1,16
891,2015,Property Damage Accident,5:12,2015-01-01,Thursday,Y,Dark-Road Lighted,LEROY,OTHER,GENESEE,Straight and Level,Snow,None,Snow/Ice,Earth Embankment/Rock Cut/Ditch Collision With Fixed Object,1,1,1,6
892,2015,Property Damage Accident,14:24,2015-01-01,Thursday,Y,Daylight,PEMBROKE,OTHER,GENESEE,Curve and Level,Cloudy,None,Snow/Ice,Light Support/Utility Pole Collision With Fixed Object,1,1,1,15
893,2015,Property Damage & Injury Accident,12:31,2015-01-01,Thursday,Y,Daylight,BERGEN,OTHER,GENESEE,Straight and Level,Snow,None,Snow/Ice,Other Object (Not Fixed)* Collision With,1,1,1,13
894,2015,Property Damage & Injury Accident,17:08,2015-01-01,Thursday,Y,Dusk,SPRING VALLEY,HEAD ON,ROCKLAND,Straight and Level,Clear,Traffic Signal,Dry,Other Motor Vehicle Collision With,2,1,1,18
895,2015,Property Damage Accident,9:11,2015-01-02,Friday,Y,Daylight,,OTHER,ROCKLAND,Straight and Level,Clear,None,Dry,Other Motor Vehicle Collision With,2,2,1,10
896,2015,Property Damage Accident,9:11,2015-01-02,Friday,Y,Daylight,,RIGHT TURN (6),ROCKLAND,Straight and Level,Cloudy,None,Dry,Other Motor Vehicle Collision With,2,2,1,10
897,2015,Property Damage & Injury Accident,18:15,2015-01-02,Friday,Y,Dark-Road Lighted,RAMAPO,LEFT TURN (0),ROCKLAND,Straight and Level,Clear,Traffic Signal,Dry,Other Motor Vehicle Collision With,2,2,1,19
898,2015,Property Damage Accident,11:15,2015-01-01,Thursday,Y,Daylight,CORTLAND,OTHER,CORTLAND,Straight and Level,Cloudy,None,Wet,Light Support/Utility Pole Collision With Fixed Object,1,1,1,12
899,2015,Property Damage Accident,2:41,2015-01-01,Thursday,Y,Dark-Road Unlighted,BENTON,OTHER,YATES,Straight and Level,Cloudy,None,Dry,Deer,1,1,1,3
900,2015,Property Damage & Injury Accident,17:29,2015-01-02,Friday,Y,Dark-Road Lighted,LYNBROOK,LEFT TURN (3),NASSAU,Straight and Level,Clear,Traffic Signal,Dry,Other Motor Vehicle Collision With,2,2,1,18
901,2015,Property Damage Accident,15:00,2015-01-01,Thursday,Y,Daylight,MARILLA,OTHER,ERIE,Straight at Hill Crest,Cloudy,None,Snow/Ice,Earth Embankment/Rock Cut/Ditch Collision With Fixed Object,1,1,1,16
902,2015,Property Damage Accident,14:45,2015-01-01,Thursday,Y,Daylight,ALDEN,OTHER,ERIE,Straight and Level,Cloudy,None,Snow/Ice,Overturned Non-Collision,1,1,1,15
903,2015,Property Damage Accident,14:58,2015-01-02,Friday,Y,Daylight,AMHERST,REAR END,ERIE,Straight and Level,Clear,Stop Sign,Dry,Other Motor Vehicle Collision With,2,2,1,15
904,2015,Property Damage Accident,17:26,2015-01-02,Friday,Y,Dark-Road Unlighted,AMHERST,OTHER,ERIE,Straight and Level,Clear,None,Dry,Other Motor Vehicle Collision With,4,2,1,18
905,2015,Property Damage Accident,1:11,2015-01-02,Friday,Y,Dark-Road Lighted,HAMBURG,OTHER,ERIE,Straight and Level,Cloudy,None,Wet,Light Support/Utility Pole Collision With Fixed Object,1,2,1,2
906,2015,Property Damage Accident,11:02,2015-01-02,Friday,Y,Daylight,EVANS,REAR END,ERIE,Straight and Level,Cloudy,None,Dry,Other Motor Vehicle Collision With,2,2,1,12
907,2015,Property Damage Accident,10:16,2015-01-02,Friday,Y,Daylight,HAMBURG,REAR END,ERIE,Straight and Level,Cloudy,None,Wet,Other Motor Vehicle Collision With,2,2,1,11
908,2015,Property Damage Accident,18:44,2015-01-01,Thursday,Y,Dark-Road Lighted,HAMBURG,RIGHT ANGLE,ERIE,Straight and Level,Cloudy,Traffic Signal,Dry,Other Motor Vehicle Collision With,2,1,1,19
909,2015,Property Damage & Injury Accident,16:00,2015-01-02,Friday,Y,Daylight,LANCASTER,LEFT TURN (3),ERIE,Straight and Level,Clear,None,Snow/Ice,Other Motor Vehicle Collision With,2,2,1,17
910,2015,Property Damage & Injury Accident,19:08,2015-01-02,Friday,Y,Dark-Road Lighted,ORCHARD PARK,RIGHT ANGLE,ERIE,Straight and Level,Clear,None,Dry,Other Motor Vehicle Collision With,2,2,1,20
911,2015,Property Damage Accident,19:49,2015-01-02,Friday,Y,Dark-Road Lighted,WEST SENECA,OTHER,ERIE,Straight and Level,Cloudy,None,Dry,Deer,1,2,1,20
912,2015,Property Damage Accident,13:55,2015-01-02,Friday,Y,Daylight,WEST SENECA,REAR END,ERIE,Straight and Grade,Clear,Stop Sign,Dry,Other Motor Vehicle Collision With,2,2,1,14
913,2015,Property Damage Accident,4:28,2015-01-01,Thursday,Y,Dark-Road Lighted,CHEEKTOWAGA,OTHER,ERIE,Straight and Level,Snow,None,Snow/Ice,Guide Rail - Not At End Collision With Fixed Object,1,1,1,5
914,2015,Property Damage Accident,0:01,2015-01-02,Friday,Y,Dark-Road Lighted,EDEN,OTHER,ERIE,Curve and Level,Snow,None,Snow/Ice,Fire Hydrant Collision With Fixed Object,1,2,1,1
915,2015,Property Damage Accident,13:00,2015-01-02,Friday,Y,Daylight,MT. MORRIS,OTHER,LIVINGSTON,Curve and Grade,Cloudy,None,Snow/Ice,Guide Rail - Not At End Collision With Fixed Object,1,2,1,14
916,2015,Property Damage Accident,7:20,2015-01-02,Friday,Y,Dawn,YORK,OTHER,LIVINGSTON,Straight and Grade,Cloudy,None,Snow/Ice,Deer,1,2,1,8
917,2015,Property Damage Accident,17:35,2015-01-02,Friday,Y,Dark-Road Unlighted,LIVONIA,OTHER,LIVINGSTON,Straight at Hill Crest,Cloudy,None,Dry,Deer,1,2,1,18
918,2015,Property Damage Accident,3:48,2015-01-02,Friday,Y,Dark-Road Unlighted,AVON,OTHER,LIVINGSTON,Curve and Level,Snow,None,Snow/Ice,Sign Post Collision With Fixed Object,1,2,1,4
919,2015,Property Damage Accident,22:25,2015-01-01,Thursday,Y,Dark-Road Unlighted,DANSVILLE,OTHER,LIVINGSTON,Straight and Level,Clear,None,Dry,Deer,1,1,1,23
920,2015,Property Damage Accident,11:32,2015-01-01,Thursday,Y,Daylight,ROCHESTER,OTHER,MONROE,Straight and Level,Clear,None,Snow/Ice,Building/Wall Collision With Fixed Object,1,1,1,12
921,2015,Injury Accident,17:50,2015-01-02,Friday,Y,Dark-Road Unlighted,DAVENPORT,OTHER,DELAWARE,Straight and Level,Cloudy,None,Dry,Other* Non-Collision,1,2,1,18
922,2015,Property Damage Accident,8:30,2015-01-01,Thursday,Y,Daylight,ROCHESTER,OVERTAKING,MONROE,Curve and Grade,Cloudy,None,Wet,Barrier Collision With Fixed Object,2,1,1,9
923,2015,Property Damage Accident,14:45,2015-01-01,Thursday,Y,Daylight,SLOATSBURG,OTHER,ROCKLAND,Straight and Grade,Clear,None,Dry,Barrier Collision With Fixed Object,1,1,1,15
924,2015,Property Damage Accident,13:00,2015-01-01,Thursday,Y,Daylight,MARION,LEFT TURN (0),WAYNE,Straight and Level,Cloudy,Stop Sign,Dry,Other Motor Vehicle Collision With,2,1,1,14
925,2015,Property Damage Accident,3:00,2015-01-01,Thursday,Y,Dark-Road Unlighted,NEWBURGH,OTHER,ORANGE,Straight and Level,Clear,None,Dry,Guide Rail - Not At End Collision With Fixed Object,1,1,1,4
926,2015,Property Damage Accident,18:45,2015-01-01,Thursday,Y,Dark-Road Unlighted,WAPPINGER,OTHER,DUTCHESS,Curve and Level,Clear,RR Crossing Sign,Dry,Light Support/Utility Pole Collision With Fixed Object,1,1,1,19
927,2015,Property Damage Accident,12:20,2015-01-02,Friday,Y,Daylight,ISLIP,REAR END,SUFFOLK,Straight and Level,Clear,None,Dry,Other Motor Vehicle Collision With,2,2,1,13
928,2015,Property Damage Accident,1:33,2015-01-01,Thursday,Y,Dark-Road Unlighted,CUYLER,HEAD ON,CORTLAND,Straight and Level,Cloudy,None,Dry,Other Motor Vehicle Collision With,2,1,1,2
929,2015,Property Damage Accident,17:29,2015-01-01,Thursday,Y,Dark-Road Unlighted,DEWITT,OTHER,ONONDAGA,Straight and Level,Cloudy,None,Dry,Animal Collision With,1,1,1,18
930,2015,Property Damage & Injury Accident,16:11,2015-01-01,Thursday,Y,Daylight,CHEEKTOWAGA,OTHER,ERIE,Curve and Grade,Cloudy,None,Dry,Sign Post Collision With Fixed Object,1,1,1,17
931,2015,Property Damage Accident,14:50,2015-01-01,Thursday,Y,Daylight,GREENBURGH,OTHER,WESTCHESTER,Straight and Level,Clear,None,Dry,Guide Rail - Not At End Collision With Fixed Object,1,1,1,15
932,2015,Property Damage Accident,12:50,2015-01-01,Thursday,Y,Daylight,WATERTOWN,REAR END,JEFFERSON,Straight and Grade,Snow,Traffic Signal,Snow/Ice,Other Motor Vehicle Collision With,2,1,1,13
933,2015,Property Damage Accident,15:57,2015-01-01,Thursday,Y,Dusk,WATERTOWN,SIDESWIPE,JEFFERSON,Straight and Level,Snow,No Passing Zone,Snow/Ice,Other Motor Vehicle Collision With,2,1,1,16
934,2015,Injury Accident,7:50,2015-01-02,Friday,Y,Daylight,GRANBY,OTHER,OSWEGO,Straight and Grade,Snow,None,Snow/Ice,Other Motor Vehicle Collision With,3,2,1,8
935,2015,Property Damage Accident,14:24,2015-01-02,Friday,Y,Daylight,HANNIBAL,RIGHT TURN (5),OSWEGO,Straight and Level,Snow,Stop Sign,Snow/Ice,Other Motor Vehicle Collision With,2,2,1,15
936,2015,Property Damage Accident,2:21,2015-01-01,Thursday,Y,Dark-Road Lighted,BRIGHTON,OTHER,MONROE,Curve and Level,Snow,None,Wet,Barrier Collision With Fixed Object,1,1,1,3
937,2015,Property Damage Accident,11:21,2015-01-02,Friday,Y,Daylight,FENTON,OTHER,BROOME,Curve and Grade,Snow,No Passing Zone,Snow/Ice,Earth Embankment/Rock Cut/Ditch Collision With Fixed Object,1,2,1,12
938,2015,Property Damage Accident,20:30,2015-01-02,Friday,Y,Dark-Road Lighted,OYSTER BAY,RIGHT ANGLE,NASSAU,Straight and Grade,Cloudy,None,Dry,Other Motor Vehicle Collision With,2,2,1,21
939,2015,Property Damage Accident,11:55,2015-01-02,Friday,Y,Daylight,ALBANY,OVERTAKING,ALBANY,Straight and Level,Clear,None,Dry,Other Motor Vehicle Collision With,2,2,1,12
940,2015,Property Damage & Injury Accident,21:10,2015-01-02,Friday,Y,Dark-Road Lighted,OYSTER BAY,RIGHT ANGLE,NASSAU,Straight and Level,Cloudy,Traffic Signal,Dry,Other Motor Vehicle Collision With,2,2,1,22
941,2015,Property Damage Accident,5:30,2015-01-03,Saturday,Y,Dark-Road Lighted,HEMPSTEAD,RIGHT TURN (6),NASSAU,Straight and Level,Clear,Traffic Signal,Dry,Other Motor Vehicle Collision With,2,3,1,6
942,2015,Injury Accident,19:00,2015-01-02,Friday,Y,Dark-Road Unlighted,OYSTER BAY,OTHER,NASSAU,Straight and Level,Clear,None,Dry,Bicyclist Collision With,1,2,1,20
943,2015,Property Damage Accident,16:30,2015-01-02,Friday,Y,Dusk,OYSTER BAY,LEFT TURN (3),NASSAU,Straight and Level,Clear,None,Dry,Other Motor Vehicle Collision With,2,2,1,17
944,2015,Property Damage & Injury Accident,7:35,2015-01-01,Thursday,Y,Daylight,HEMPSTEAD,OTHER,NASSAU,Straight and Level,Clear,Traffic Signal,Dry,Other Motor Vehicle Collision With,3,1,1,8
945,2015,Property Damage & Injury Accident,22:15,2015-01-02,Friday,Y,Dark-Road Lighted,MASSAPEQUA PARK,REAR END,NASSAU,Straight and Level,Clear,None,Dry,Other Motor Vehicle Collision With,2,2,1,23
946,2015,Property Damage Accident,9:56,2015-01-03,Saturday,Y,Daylight,JOHNSON CITY,OTHER,BROOME,Curve and Level,Cloudy,None,Snow/Ice,Guide Rail - Not At End Collision With Fixed Object,1,3,1,10
947,2015,Property Damage Accident,12:17,2015-01-03,Saturday,Y,Daylight,JOHNSON CITY,OTHER,BROOME,Straight and Level,Snow,None,Snow/Ice,Guide Rail - Not At End Collision With Fixed Object,1,3,1,13
948,2015,Property Damage & Injury Accident,12:06,2015-01-02,Friday,Y,Daylight,PEEKSKILL,RIGHT TURN (5),WESTCHESTER,Straight and Level,Cloudy,Traffic Signal,Dry,Other Motor Vehicle Collision With,2,2,1,13
949,2015,Property Damage Accident,21:30,2015-01-02,Friday,Y,Dark-Road Lighted,BROOKHAVEN,OTHER,SUFFOLK,Straight and Level,Clear,None,Dry,Barrier Collision With Fixed Object,1,2,1,22
950,2015,Property Damage Accident,2:10,2015-01-03,Saturday,Y,Dark-Road Lighted,BROOKHAVEN,OTHER,SUFFOLK,Straight and Level,Clear,None,Dry,Guide Rail - Not At End Collision With Fixed Object,1,3,1,3
951,2015,Property Damage Accident,17:25,2015-01-02,Friday,Y,Dark-Road Unlighted,BROOKHAVEN,REAR END,SUFFOLK,Straight and Level,Clear,None,Dry,Other Motor Vehicle Collision With,2,2,1,18
952,2015,Property Damage Accident,17:45,2015-01-02,Friday,Y,Dark-Road Unlighted,SARATOGA SPRINGS,OTHER,SARATOGA,Straight and Level,Clear,Traffic Signal,Dry,Other Motor Vehicle Collision With,3,2,1,18
953,2015,Property Damage Accident,15:00,2015-01-03,Saturday,Y,Daylight,SAUGERTIES,OTHER,ULSTER,Curve at Hill Crest,Snow,None,Snow/Ice,Earth Embankment/Rock Cut/Ditch Collision With Fixed Object,1,3,1,16
954,2015,Property Damage Accident,23:00,2015-01-02,Friday,Y,Dark-Road Lighted,SARATOGA SPRINGS,RIGHT ANGLE,SARATOGA,Straight at Hill Crest,Cloudy,None,Dry,Other Motor Vehicle Collision With,2,2,1,24
955,2015,Property Damage Accident,14:38,2015-01-03,Saturday,Y,Daylight,WAPPINGER FALLS,RIGHT ANGLE,DUTCHESS,Straight and Grade,Snow,Stop Sign,Snow/Ice,Other Motor Vehicle Collision With,2,3,1,15
956,2015,Property Damage Accident,18:52,2015-01-03,Saturday,Y,Dark-Road Lighted,PELHAM,RIGHT ANGLE,WESTCHESTER,Straight and Level,Sleet/Hail/Freezing Rain,Stop Sign,Wet,Other Motor Vehicle Collision With,2,3,1,19
957,2015,Property Damage Accident,14:20,2015-01-03,Saturday,Y,Daylight,BEDFORD,REAR END,WESTCHESTER,Straight and Grade,Snow,None,Snow/Ice,Other Motor Vehicle Collision With,2,3,1,15
958,2015,Property Damage & Injury Accident,12:08,2015-01-02,Friday,Y,Daylight,HUDSON FALLS,OTHER,WASHINGTON,Straight and Grade,Clear,None,Dry,Tree Collision With Fixed Object,1,2,1,13
959,2015,Property Damage Accident,15:30,2015-01-03,Saturday,Y,Daylight,NEWBURGH,LEFT TURN (3),ORANGE,Curve at Hill Crest,Snow,None,Snow/Ice,Other Motor Vehicle Collision With,2,3,1,16
960,2015,Property Damage & Injury Accident,15:21,2015-01-03,Saturday,Y,Daylight,SOMERSET,OTHER,NIAGARA,Straight and Level,Rain,None,Snow/Ice,Light Support/Utility Pole Collision With Fixed Object,1,3,1,16
961,2015,Injury Accident,15:55,2015-01-02,Friday,Y,Daylight,WILSON,OTHER,NIAGARA,Straight and Level,Cloudy,None,Dry,Earth Embankment/Rock Cut/Ditch Collision With Fixed Object,1,2,1,16
962,2015,Property Damage Accident,21:00,2015-01-03,Saturday,Y,Dark-Road Lighted,MIDDLETOWN,REAR END,ORANGE,Straight and Grade,Sleet/Hail/Freezing Rain,Traffic Signal,Snow/Ice,Other Motor Vehicle Collision With,2,3,1,22
963,2015,Property Damage Accident,18:51,2015-01-03,Saturday,Y,Dark-Road Unlighted,NEWFANE,OTHER,NIAGARA,Curve and Level,Sleet/Hail/Freezing Rain,None,Snow/Ice,Light Support/Utility Pole Collision With Fixed Object,1,3,1,19
964,2015,Property Damage Accident,16:16,2015-01-03,Saturday,Y,Daylight,ROYALTON,RIGHT ANGLE,NIAGARA,Straight and Level,Sleet/Hail/Freezing Rain,None,Snow/Ice,Other Motor Vehicle Collision With,2,3,1,17
965,2015,Property Damage & Injury Accident,17:11,2015-01-03,Saturday,Y,Dark-Road Lighted,ROYALTON,OTHER,NIAGARA,Straight and Level,Sleet/Hail/Freezing Rain,None,Wet,Other Fixed Object* Collision With Fixed Object,1,3,1,18
966,2015,Property Damage Accident,18:35,2015-01-03,Saturday,Y,Dark-Road Unlighted,ROYALTON,OTHER,NIAGARA,Straight and Level,Sleet/Hail/Freezing Rain,None,Wet,Light Support/Utility Pole Collision With Fixed Object,1,3,1,19
967,2015,Property Damage & Injury Accident,16:26,2015-01-03,Saturday,Y,Dusk,LEWISTON,SIDESWIPE,NIAGARA,Straight and Level,Sleet/Hail/Freezing Rain,None,Snow/Ice,Other Motor Vehicle Collision With,2,3,1,17
968,2015,Property Damage & Injury Accident,2:11,2015-01-02,Friday,Y,Dark-Road Unlighted,KENT,OTHER,PUTNAM,Curve and Grade,Clear,No Passing Zone,Dry,Light Support/Utility Pole Collision With Fixed Object,1,2,1,3
969,2015,Injury Accident,17:28,2015-01-03,Saturday,Y,Dark-Road Lighted,OYSTER BAY,REAR END,NASSAU,Straight and Level,Rain,None,Wet,Other Motor Vehicle Collision With,2,3,1,18
970,2015,Property Damage & Injury Accident,15:10,2015-01-03,Saturday,Y,Daylight,NORTH HEMPSTEAD,RIGHT ANGLE,NASSAU,Straight and Level,Rain,Stop Sign,Wet,Other Motor Vehicle Collision With,2,3,1,16
971,2015,Property Damage & Injury Accident,0:19,2015-01-03,Saturday,Y,Dark-Road Lighted,HEMPSTEAD,OVERTAKING,NASSAU,Straight and Level,Cloudy,Traffic Signal,Dry,Other Motor Vehicle Collision With,2,3,1,1
972,2015,Property Damage Accident,16:10,2015-01-03,Saturday,Y,Daylight,HEMPSTEAD,RIGHT ANGLE,NASSAU,Straight and Level,Rain,Stop Sign,Wet,Other Motor Vehicle Collision With,2,3,1,17
973,2015,Property Damage & Injury Accident,12:35,2015-01-03,Saturday,Y,Daylight,NORTH HEMPSTEAD,REAR END,NASSAU,Straight and Level,Clear,Traffic Signal,Wet,Other Motor Vehicle Collision With,2,3,1,13
974,2015,Property Damage Accident,12:40,2015-01-03,Saturday,Y,Daylight,OYSTER BAY,LEFT TURN (0),NASSAU,Curve and Level,Snow,None,Wet,Other Motor Vehicle Collision With,2,3,1,13
975,2015,Property Damage & Injury Accident,16:00,2015-01-03,Saturday,Y,Daylight,HEMPSTEAD,LEFT TURN (0),NASSAU,Straight and Level,Rain,None,Wet,Other Motor Vehicle Collision With,2,3,1,17
976,2015,Property Damage Accident,17:55,2015-01-03,Saturday,Y,Dark-Road Lighted,EAST ROCKAWAY,RIGHT ANGLE,NASSAU,Straight and Level,Rain,Stop Sign,Wet,Other Motor Vehicle Collision With,2,3,1,18
977,2015,Property Damage & Injury Accident,15:50,2015-01-03,Saturday,Y,Dark-Road Lighted,HEMPSTEAD,RIGHT ANGLE,NASSAU,Straight and Level,Rain,Traffic Signal,Wet,Other Motor Vehicle Collision With,2,3,1,16
978,2015,Property Damage Accident,19:45,2015-01-03,Saturday,Y,Dark-Road Lighted,LYNBROOK,OVERTAKING,NASSAU,Straight and Level,Rain,None,Wet,Other Motor Vehicle Collision With,2,3,1,20
979,2015,Property Damage & Injury Accident,16:45,2015-01-02,Friday,Y,Dusk,LATTINGTOWN,OTHER,NASSAU,Curve at Hill Crest,Cloudy,None,Dry,Light Support/Utility Pole Collision With Fixed Object,1,2,1,17
980,2015,Property Damage Accident,17:49,2015-01-03,Saturday,Y,Dark-Road Unlighted,LATTINGTOWN,OTHER,NASSAU,Straight and Level,Sleet/Hail/Freezing Rain,None,Slush,Tree Collision With Fixed Object,1,3,1,18
981,2015,Property Damage & Injury Accident,2:50,2015-01-03,Saturday,Y,Dark-Road Lighted,VALLEY STREAM,RIGHT ANGLE,NASSAU,Straight and Level,Clear,Stop Sign,Dry,Other Motor Vehicle Collision With,2,3,1,3
982,2015,Property Damage Accident,10:55,2015-01-03,Saturday,Y,Daylight,HEMPSTEAD,OVERTAKING,NASSAU,Straight and Level,Cloudy,None,Dry,Other Motor Vehicle Collision With,2,3,1,11
983,2015,Property Damage Accident,20:40,2015-01-01,Thursday,Y,Dark-Road Lighted,NORTH HEMPSTEAD,REAR END,NASSAU,Straight and Level,Cloudy,None,Dry,Other Motor Vehicle Collision With,2,1,1,21
984,2015,Property Damage & Injury Accident,15:30,2015-01-03,Saturday,Y,Daylight,HEMPSTEAD,OTHER,NASSAU,Straight and Level,Rain,Traffic Signal,Wet,Other Motor Vehicle Collision With,3,3,1,16
985,2015,Property Damage & Injury Accident,17:40,2015-01-02,Friday,Y,Dark-Road Lighted,NEW HYDE PARK,OTHER,NASSAU,Straight and Level,Clear,None,Dry,Light Support/Utility Pole Collision With Fixed Object,1,2,1,18
986,2015,Property Damage Accident,12:40,2015-01-03,Saturday,Y,Daylight,HEMPSTEAD,RIGHT ANGLE,NASSAU,Straight and Level,Rain,Flashing Light,Wet,Other Motor Vehicle Collision With,2,3,1,13
987,2015,Property Damage Accident,18:50,2015-01-03,Saturday,Y,Dark-Road Lighted,OYSTER BAY,OVERTAKING,NASSAU,Straight and Level,Rain,None,Wet,Other Motor Vehicle Collision With,2,3,1,19
988,2015,Property Damage Accident,15:15,2015-01-03,Saturday,Y,Daylight,HEMPSTEAD,RIGHT TURN (6),NASSAU,Straight and Level,Rain,Traffic Signal,Wet,Other Motor Vehicle Collision With,2,3,1,16
989,2015,Property Damage Accident,13:30,2015-01-03,Saturday,Y,Daylight,FARMINGDALE,OVERTAKING,NASSAU,Straight and Level,Rain,None,Wet,Other Motor Vehicle Collision With,2,3,1,14
990,2015,Property Damage & Injury Accident,18:35,2015-01-03,Saturday,Y,Dark-Road Lighted,HEMPSTEAD,RIGHT ANGLE,NASSAU,Straight and Level,Rain,Traffic Signal,Wet,Other Motor Vehicle Collision With,2,3,1,19
991,2015,Property Damage Accident,12:40,2015-01-03,Saturday,Y,Daylight,HEMPSTEAD,LEFT TURN (3),NASSAU,Straight and Level,Rain,Traffic Signal,Wet,Other Motor Vehicle Collision With,2,3,1,13
992,2015,Property Damage Accident,21:15,2015-01-02,Friday,Y,Dark-Road Lighted,IRONDEQUOIT,RIGHT ANGLE,MONROE,Straight and Level,Clear,Stop Sign,Dry,Other Motor Vehicle Collision With,2,2,1,22
993,2015,Property Damage Accident,19:34,2015-01-03,Saturday,Y,Dark-Road Unlighted,BRIGHTON,Unknown,MONROE,Straight and Grade,Sleet/Hail/Freezing Rain,None,Slush,Other Motor Vehicle Collision With,2,3,1,20
994,2015,Property Damage Accident,19:14,2015-01-02,Friday,Y,Dark-Road Unlighted,MENDON,OTHER,MONROE,Straight and Level,Clear,None,Dry,Deer,1,2,1,20
995,2015,Injury Accident,14:23,2015-01-01,Thursday,Y,Daylight,GATES,REAR END,MONROE,Straight and Level,Clear,None,Dry,Other Motor Vehicle Collision With,2,1,1,15
996,2015,Property Damage & Injury Accident,12:57,2015-01-02,Friday,Y,Daylight,HENRIETTA,OTHER,MONROE,Straight and Level,Clear,None,Dry,Other Motor Vehicle Collision With,3,2,1,13