id,Year,Crash Descriptor,Time,Date,Day of Week,Police Report,Lighting Conditions,Municipality,Collision Type Descriptor,County Name,Road Descriptor,Weather Conditions,Traffic Control Device,Road Surface Conditions,Event Descriptor,Number of Vehicles Involved,day,month,hour
997,2015,Property Damage & Injury Accident,14:23,2015-01-01,Thursday,Y,Daylight,HENRIETTA,RIGHT ANGLE,MONROE,Straight and Level,Cloudy,Stop Sign,Dry,Other Motor Vehicle Collision With,2,1,1,15
998,2015,Property Damage Accident,13:05,2015-01-01,Thursday,Y,Daylight,HENRIETTA,REAR END,MONROE,Straight and Level,Cloudy,Traffic Signal,Dry,Other Motor Vehicle Collision With,2,1,1,14
999,2015,Property Damage Accident,20:05,2015-01-02,Friday,Y,Dark-Road Unlighted,TYRE,OTHER,SENECA,Straight and Level,Clear,None,Dry,Deer,1,2,1,21
1000,2015,Property Damage & Injury Accident,3:42,2015-01-03,Saturday,Y,Dark-Road Unlighted,ROTTERDAM,OTHER,SCHENECTADY,Curve and Grade,Clear,None,Dry,Sign Post Collision With Fixed Object,1,3,1,4
1001,2015,Property Damage Accident,15:10,2015-01-03,Saturday,Y,Daylight,ROTTERDAM,RIGHT ANGLE,SCHENECTADY,Curve and Level,Snow,Yield Sign,Snow/Ice,Other Motor Vehicle Collision With,2,3,1,16
1002,2015,Injury Accident,19:23,2015-01-03,Saturday,Y,Dark-Road Lighted,TROY,REAR END,RENSSELAER,Straight and Level,Snow,None,Snow/Ice,Other Motor Vehicle Collision With,2,3,1,20
1003,2015,Property Damage Accident,15:21,2015-01-03,Saturday,Y,Daylight,TROY,OTHER,RENSSELAER,Straight and Grade,Snow,Stop Sign,Snow/Ice,Light Support/Utility Pole Collision With Fixed Object,1,3,1,16
1004,2015,Property Damage Accident,13:22,2015-01-03,Saturday,Y,Daylight,TROY,LEFT TURN (0),RENSSELAER,Straight and Level,Cloudy,None,Dry,Other Motor Vehicle Collision With,2,3,1,14
1005,2015,Injury Accident,15:53,2015-01-03,Saturday,Y,Daylight,TROY,RIGHT ANGLE,RENSSELAER,Straight and Grade,Snow,None,Snow/Ice,Other Motor Vehicle Collision With,2,3,1,16
1006,2015,Property Damage & Injury Accident,22:52,2015-01-02,Friday,Y,Dark-Road Unlighted,NEW SCOTLAND,OTHER,ALBANY,Straight and Level,Clear,None,Dry,Tree Collision With Fixed Object,1,2,1,23
1007,2015,Property Damage & Injury Accident,15:46,2015-01-03,Saturday,Y,Daylight,RIDGEWAY,OTHER,ORLEANS,Straight and Level,Sleet/Hail/Freezing Rain,None,Slush,Light Support/Utility Pole Collision With Fixed Object,1,3,1,16
1008,2015,Property Damage Accident,15:07,2015-01-03,Saturday,Y,Daylight,COHOES,OTHER,ALBANY,Straight and Grade,Snow,Traffic Signal,Snow/Ice,Other Motor Vehicle Collision With,3,3,1,16
1009,2015,Property Damage Accident,21:50,2015-01-01,Thursday,Y,Dark-Road Unlighted,MURRAY,OTHER,ORLEANS,Straight and Level,Snow,None,Snow/Ice,Deer,1,1,1,22
1010,2015,Property Damage Accident,16:10,2015-01-03,Saturday,Y,Daylight,BARRE,OTHER,ORLEANS,Straight and Level,Sleet/Hail/Freezing Rain,None,Slush,Guide Rail - Not At End Collision With Fixed Object,1,3,1,17
1011,2015,Property Damage Accident,17:36,2015-01-03,Saturday,Y,Dark-Road Unlighted,ALBION,OTHER,ORLEANS,Straight and Grade,Rain,None,Slush,Tree Collision With Fixed Object,1,3,1,18
1012,2015,Property Damage & Injury Accident,15:00,2015-01-02,Friday,Y,Daylight,HANOVER,SIDESWIPE,CHAUTAUQUA,Curve and Level,Cloudy,None,Dry,Other Motor Vehicle Collision With,2,2,1,16
1013,2015,Property Damage Accident,13:06,2015-01-03,Saturday,Y,Daylight,UNION VALE,OTHER,DUTCHESS,Straight and Level,Cloudy,No Passing Zone,Dry,Earth Embankment/Rock Cut/Ditch Collision With Fixed Object,1,3,1,14
1014,2015,Property Damage Accident,14:50,2015-01-01,Thursday,Y,Daylight,ELLERY,OTHER,CHAUTAUQUA,Straight and Level,Cloudy,None,Dry,Deer,1,1,1,15
1015,2015,Property Damage & Injury Accident,14:52,2015-01-02,Friday,Y,Daylight,DUNKIRK,LEFT TURN (3),CHAUTAUQUA,Straight and Level,Cloudy,Traffic Signal,Dry,Other Motor Vehicle Collision With,2,2,1,15
1016,2015,Property Damage Accident,13:48,2015-01-03,Saturday,Y,Daylight,CLARKSTOWN,OTHER,ROCKLAND,Curve and Grade,Snow,None,Snow/Ice,Curbing Collision With Fixed Object,1,3,1,14
1017,2015,Property Damage Accident,17:18,2015-01-02,Friday,Y,Dark-Road Unlighted,STERLING,OTHER,CAYUGA,Straight at Hill Crest,Snow,None,Snow/Ice,Deer,1,2,1,18
1018,2015,Property Damage Accident,7:59,2015-01-01,Thursday,Y,Dawn,AURELIUS,OTHER,CAYUGA,Curve and Level,Cloudy,None,Dry,Earth Embankment/Rock Cut/Ditch Collision With Fixed Object,1,1,1,8
1019,2015,Injury Accident,14:40,2015-01-02,Friday,Y,Daylight,CLARKSTOWN,REAR END,ROCKLAND,Straight and Level,Clear,Stop Sign,Dry,Other Motor Vehicle Collision With,2,2,1,15
1020,2015,Property Damage & Injury Accident,13:51,2015-01-03,Saturday,Y,Daylight,CLARKSTOWN,OTHER,ROCKLAND,Straight and Level,Snow,None,Snow/Ice,Building/Wall Collision With Fixed Object,1,3,1,14
1021,2015,Property Damage & Injury Accident,19:16,2015-01-02,Friday,Y,Dark-Road Lighted,CLARKSTOWN,HEAD ON,ROCKLAND,Straight and Level,Clear,Traffic Signal,Dry,Other Motor Vehicle Collision With,2,2,1,20
1022,2015,Property Damage Accident,14:36,2015-01-03,Saturday,Y,Daylight,HAVERSTRAW,OTHER,ROCKLAND,Straight and Grade,Snow,None,Snow/Ice,Other Motor Vehicle Collision With,2,3,1,15
1023,2015,Property Damage Accident,23:00,2015-01-03,Saturday,Y,Dark-Road Lighted,CLARKSTOWN,OTHER,ROCKLAND,Curve and Grade,Rain,None,Snow/Ice,Tree Collision With Fixed Object,1,3,1,24
1024,2015,Property Damage Accident,20:00,2015-01-01,Thursday,Y,Dark-Road Lighted,CLARKSTOWN,OVERTAKING,ROCKLAND,Straight and Level,Clear,None,Dry,Other Motor Vehicle Collision With,2,1,1,21
1025,2015,Property Damage Accident,15:29,2015-01-03,Saturday,Y,Daylight,CLARKSTOWN,OTHER,ROCKLAND,Curve and Grade,Snow,None,Snow/Ice,Earth Embankment/Rock Cut/Ditch Collision With Fixed Object,1,3,1,16
1026,2015,Property Damage & Injury Accident,13:30,2015-01-02,Friday,Y,Daylight,CLARKSTOWN,OTHER,ROCKLAND,Straight and Grade,Clear,None,Dry,Other Motor Vehicle Collision With,3,2,1,14
1027,2015,Property Damage & Injury Accident,14:43,2015-01-03,Saturday,Y,Daylight,CLARKSTOWN,OTHER,ROCKLAND,Curve and Grade,Snow,None,Snow/Ice,Other Motor Vehicle Collision With,3,3,1,15
1028,2015,Property Damage Accident,14:14,2015-01-03,Saturday,Y,Daylight,CLARKSTOWN,SIDESWIPE,ROCKLAND,Curve and Grade,Snow,None,Snow/Ice,Other Motor Vehicle Collision With,2,3,1,15
1029,2015,Property Damage Accident,11:24,2015-01-01,Thursday,Y,Daylight,CLARKSTOWN,LEFT TURN (3),ROCKLAND,Straight and Grade,Clear,None,Dry,Other Motor Vehicle Collision With,2,1,1,12
1030,2015,Property Damage & Injury Accident,14:30,2015-01-03,Saturday,Y,Daylight,CLARKSTOWN,OTHER,ROCKLAND,Straight and Level,Snow,None,Snow/Ice,Light Support/Utility Pole Collision With Fixed Object,1,3,1,15
1031,2015,Injury Accident,14:45,2015-01-03,Saturday,Y,Daylight,CLARKSTOWN,REAR END,ROCKLAND,Straight and Grade,Snow,None,Snow/Ice,Other Motor Vehicle Collision With,2,3,1,15
1032,2015,Property Damage Accident,14:30,2015-01-03,Saturday,Y,Daylight,CLARKSTOWN,OTHER,ROCKLAND,Straight and Grade,Snow,Stop Sign,Snow/Ice,Building/Wall Collision With Fixed Object,1,3,1,15
1033,2015,Property Damage Accident,20:52,2015-01-02,Friday,Y,Dark-Road Unlighted,BERGEN,OTHER,GENESEE,Straight and Level,Cloudy,None,Dry,Deer,1,2,1,21
1034,2015,Property Damage Accident,1:28,2015-01-02,Friday,Y,Dark-Road Unlighted,LEROY,OTHER,GENESEE,Straight and Level,Cloudy,No Passing Zone,Snow/Ice,Sign Post Collision With Fixed Object,1,2,1,2
1035,2015,Property Damage Accident,23:26,2015-01-03,Saturday,Y,Dark-Road Unlighted,BATAVIA,OTHER,GENESEE,Straight and Level,Clear,None,Dry,Deer,1,3,1,24
1036,2015,Property Damage Accident,19:03,2015-01-02,Friday,Y,Dark-Road Unlighted,PEMBROKE,OTHER,GENESEE,Straight and Level,Cloudy,None,Dry,Deer,1,2,1,20
1037,2015,Property Damage & Injury Accident,12:56,2015-01-02,Friday,Y,Daylight,GUILDERLAND,OTHER,ALBANY,Curve and Grade,Clear,None,Dry,Guide Rail - Not At End Collision With Fixed Object,1,2,1,13
1038,2015,Property Damage & Injury Accident,3:14,2015-01-01,Thursday,Y,Dark-Road Unlighted,GUILDERLAND,OTHER,ALBANY,Curve and Level,Clear,None,Dry,Tree Collision With Fixed Object,1,1,1,4
1039,2015,Property Damage Accident,14:05,2015-01-03,Saturday,Y,Daylight,RAMAPO,LEFT TURN (3),ROCKLAND,Straight and Level,Snow,Stop Sign,Snow/Ice,Other Motor Vehicle Collision With,2,3,1,15
1040,2015,Property Damage Accident,14:00,2015-01-03,Saturday,Y,Daylight,RAMAPO,SIDESWIPE,ROCKLAND,Straight and Grade,Snow,None,Snow/Ice,Other Motor Vehicle Collision With,2,3,1,15
1041,2015,Property Damage Accident,13:45,2015-01-03,Saturday,Y,Daylight,RAMAPO,OTHER,ROCKLAND,Straight and Grade,Snow,Traffic Signal,Snow/Ice,Sign Post Collision With Fixed Object,1,3,1,14
1042,2015,Property Damage & Injury Accident,12:42,2015-01-01,Thursday,Y,Daylight,SLOATSBURG,REAR END,ROCKLAND,Straight and Grade,Clear,None,Dry,Other Motor Vehicle Collision With,2,1,1,13
1043,2015,Property Damage Accident,15:42,2015-01-03,Saturday,Y,Daylight,RAMAPO,OTHER,ROCKLAND,Straight and Grade,Snow,Stop Sign,Snow/Ice,Other Motor Vehicle Collision With,2,3,1,16
1044,2015,Property Damage & Injury Accident,17:51,2015-01-02,Friday,Y,Dark-Road Lighted,,HEAD ON,ROCKLAND,Curve and Grade,Clear,None,Dry,Other Motor Vehicle Collision With,2,2,1,18
1045,2015,Property Damage Accident,11:03,2015-01-02,Friday,Y,Daylight,OSWEGO,REAR END,OSWEGO,Straight and Level,Cloudy,None,Slush,Other Motor Vehicle Collision With,2,2,1,12
1046,2015,Property Damage Accident,1:23,2015-01-03,Saturday,Y,Dark-Road Lighted,SOUTHPORT,REAR END,CHEMUNG,Straight and Level,Cloudy,None,Dry,Other Motor Vehicle Collision With,2,3,1,2
1047,2015,Injury Accident,18:30,2015-01-03,Saturday,Y,Dark-Road Lighted,LYNBROOK,OTHER,NASSAU,Straight and Level,Rain,Traffic Signal,Wet,Pedestrian Collision With,1,3,1,19
1048,2015,Injury Accident,22:31,2015-01-03,Saturday,Y,Dark-Road Lighted,LYNBROOK,REAR END,NASSAU,Straight and Level,Rain,Traffic Signal,Wet,Other Motor Vehicle Collision With,2,3,1,23
1049,2015,Property Damage Accident,8:13,2015-01-01,Thursday,Y,Daylight,AURORA,OTHER,ERIE,Straight and Grade,Snow,Stop Sign,Snow/Ice,Culver/Head Wall Collision With Fixed Object,1,1,1,9
1050,2015,Property Damage Accident,13:21,2015-01-03,Saturday,Y,Daylight,AMHERST,RIGHT ANGLE,ERIE,Straight and Level,Rain,None,Snow/Ice,Other Motor Vehicle Collision With,2,3,1,14
1051,2015,Property Damage Accident,19:10,2015-01-03,Saturday,Y,Dark-Road Lighted,AMHERST,REAR END,ERIE,Straight and Level,Rain,None,Wet,Other Motor Vehicle Collision With,2,3,1,20
1052,2015,Injury Accident,16:45,2015-01-03,Saturday,Y,Dusk,WEST SENECA,REAR END,ERIE,Straight and Level,Rain,None,Wet,Other Motor Vehicle Collision With,2,3,1,17
1053,2015,Property Damage Accident,9:26,2015-01-02,Friday,Y,Daylight,WALES,OTHER,ERIE,Straight and Level,Cloudy,No Passing Zone,Dry,Other Fixed Object* Collision With Fixed Object,1,2,1,10
1054,2015,Injury Accident,12:42,2015-01-03,Saturday,Y,Daylight,AMHERST,OTHER,ERIE,Straight and Level,Sleet/Hail/Freezing Rain,Stop Sign,Wet,Pedestrian Collision With,1,3,1,13
1055,2015,Property Damage Accident,10:20,2015-01-03,Saturday,Y,Daylight,EVANS,OTHER,ERIE,Straight and Level,Cloudy,None,Dry,Other Fixed Object* Collision With Fixed Object,1,3,1,11
1056,2015,Property Damage Accident,17:24,2015-01-02,Friday,Y,Dark-Road Lighted,YORK,OTHER,LIVINGSTON,Straight and Level,Cloudy,None,Dry,Deer,1,2,1,18
1057,2015,Property Damage & Injury Accident,16:40,2015-01-03,Saturday,Y,Dusk,WEST SENECA,LEFT TURN (3),ERIE,Straight and Level,Rain,None,Wet,Other Motor Vehicle Collision With,2,3,1,17
1058,2015,Property Damage & Injury Accident,13:37,2015-01-02,Friday,Y,Daylight,YORK,LEFT TURN (0),LIVINGSTON,Curve and Level,Cloudy,None,Dry,Other Motor Vehicle Collision With,2,2,1,14
1059,2015,Property Damage Accident,14:45,2015-01-02,Friday,Y,Daylight,ITHACA,OTHER,TOMPKINS,Curve and Level,Cloudy,Stop Sign,Dry,Curbing Collision With Fixed Object,1,2,1,15
1060,2015,Property Damage Accident,4:40,2015-01-03,Saturday,Y,Dark-Road Unlighted,AUGUSTA,OTHER,ONEIDA,Straight and Level,Clear,None,Snow/Ice,Deer,1,3,1,5
1061,2015,Property Damage Accident,13:30,2015-01-02,Friday,Y,Daylight,WALLKILL,RIGHT TURN (6),ORANGE,Straight and Level,Cloudy,Traffic Signal,Dry,Other Motor Vehicle Collision With,2,2,1,14
1062,2015,Injury Accident,16:21,2015-01-03,Saturday,Y,Dusk,DEERFIELD,OTHER,ONEIDA,Straight and Grade,Sleet/Hail/Freezing Rain,None,Snow/Ice,Earth Embankment/Rock Cut/Ditch Collision With Fixed Object,1,3,1,17
1063,2015,Property Damage Accident,11:20,2015-01-01,Thursday,Y,Daylight,DANSVILLE,OTHER,LIVINGSTON,Straight and Level,Clear,None,Dry,Fence Collision With Fixed Object,1,1,1,12
1064,2015,Property Damage Accident,20:10,2015-01-03,Saturday,Y,Dark-Road Unlighted,ROYALTON,OTHER,NIAGARA,Curve and Level,Sleet/Hail/Freezing Rain,No Passing Zone,Wet,Building/Wall Collision With Fixed Object,1,3,1,21
1065,2015,Property Damage & Injury Accident,12:30,2015-01-02,Friday,Y,Daylight,PLATTSBURG,OTHER,CLINTON,Curve and Level,Clear,No Passing Zone,Other,Tree Collision With Fixed Object,1,2,1,13
1066,2015,Property Damage Accident,12:20,2015-01-03,Saturday,Y,Daylight,MOOERS,REAR END,CLINTON,Straight and Level,Cloudy,Stop Sign,Dry,Other Motor Vehicle Collision With,2,3,1,13
1067,2015,Property Damage Accident,18:36,2015-01-02,Friday,Y,Dark-Road Unlighted,MOIRA,OTHER,FRANKLIN,Straight and Level,Cloudy,No Passing Zone,Dry,Deer,1,2,1,19
1068,2015,Property Damage Accident,19:11,2015-01-02,Friday,Y,Dark-Road Unlighted,MALONE,OVERTAKING,FRANKLIN,Straight and Grade,Cloudy,No Passing Zone,Dry,Other Motor Vehicle Collision With,2,2,1,20
1069,2015,Property Damage Accident,14:33,2015-01-02,Friday,Y,Daylight,MOIRA,OTHER,FRANKLIN,Curve and Level,Cloudy,No Passing Zone,Snow/Ice,Tree Collision With Fixed Object,1,2,1,15
1070,2015,Property Damage Accident,16:36,2015-01-02,Friday,Y,Dark-Road Unlighted,COLONIE,OTHER,ALBANY,Straight and Level,Cloudy,None,Dry,Guide Rail - Not At End Collision With Fixed Object,1,2,1,17
1071,2015,Property Damage Accident,15:00,2015-01-03,Saturday,Y,Daylight,ROME,REAR END,ONEIDA,Straight and Grade,Snow,No Passing Zone,Snow/Ice,Other Motor Vehicle Collision With,2,3,1,16
1072,2015,Property Damage Accident,19:19,2015-01-02,Friday,Y,Dark-Road Unlighted,NASSAU,OTHER,RENSSELAER,Straight and Grade,Cloudy,None,Dry,Deer,1,2,1,20
1073,2015,Property Damage Accident,15:13,2015-01-02,Friday,Y,Daylight,CANAAN,OTHER,COLUMBIA,Straight and Level,Cloudy,No Passing Zone,Dry,Guide Rail - Not At End Collision With Fixed Object,1,2,1,16
1074,2015,Property Damage Accident,11:38,2015-01-02,Friday,Y,Daylight,SULLIVAN,OTHER,MADISON,Straight and Grade,Snow,No Passing Zone,Wet,Earth Embankment/Rock Cut/Ditch Collision With Fixed Object,1,2,1,12
1075,2015,Property Damage Accident,16:37,2015-01-03,Saturday,Y,Dark-Road Unlighted,VERONA,OTHER,ONEIDA,Straight and Grade,Sleet/Hail/Freezing Rain,None,Snow/Ice,Earth Embankment/Rock Cut/Ditch Collision With Fixed Object,1,3,1,17
1076,2015,Property Damage Accident,13:18,2015-01-01,Thursday,Y,Daylight,OLD WESTBURY,OTHER,NASSAU,Straight and Level,Clear,None,Dry,Tree Collision With Fixed Object,1,1,1,14
1077,2015,Property Damage & Injury Accident,21:58,2015-01-02,Friday,Y,Dark-Road Lighted,PORT CHESTER,OTHER,WESTCHESTER,Straight and Level,Cloudy,None,Dry,Other Motor Vehicle Collision With,3,2,1,22
1078,2015,Property Damage Accident,23:01,2015-01-02,Friday,Y,Dark-Road Lighted,RYE,REAR END,WESTCHESTER,Straight and Grade,Clear,Traffic Signal,Dry,Other Motor Vehicle Collision With,2,2,1,24
1079,2015,Property Damage Accident,19:35,2015-01-02,Friday,Y,Dark-Road Lighted,CLARENCE,LEFT TURN (3),ERIE,Straight and Level,Cloudy,Stop Sign,Dry,Other Motor Vehicle Collision With,2,2,1,20
1080,2015,Property Damage Accident,21:05,2015-01-02,Friday,Y,Dark-Road Unlighted,MADRID,OTHER,ST. LAWRENCE,Straight and Level,Cloudy,No Passing Zone,Snow/Ice,Deer,1,2,1,22
1081,2015,Property Damage & Injury Accident,14:37,2015-01-03,Saturday,Y,Daylight,STOCKHOLM,OTHER,ST. LAWRENCE,Straight and Level,Snow,None,Snow/Ice,Tree Collision With Fixed Object,1,3,1,15
1082,2015,Property Damage Accident,17:01,2015-01-02,Friday,Y,Dark-Road Unlighted,STOCKHOLM,OTHER,ST. LAWRENCE,Straight and Level,Cloudy,None,Snow/Ice,Deer,1,2,1,18
1083,2015,Property Damage Accident,14:32,2015-01-03,Saturday,Y,Daylight,LOUISVILLE,OTHER,ST. LAWRENCE,Straight and Level,Snow,None,Snow/Ice,Earth Embankment/Rock Cut/Ditch Collision With Fixed Object,1,3,1,15
1084,2015,Property Damage & Injury Accident,8:00,2015-01-03,Saturday,Y,Daylight,KIRKWOOD,OTHER,BROOME,Curve and Grade,Cloudy,None,Dry,Earth Embankment/Rock Cut/Ditch Collision With Fixed Object,1,3,1,9
1085,2015,Property Damage Accident,10:00,2015-01-02,Friday,Y,Daylight,WINDSOR,OTHER,BROOME,Straight and Grade,Snow,None,Snow/Ice,Deer,1,2,1,11
1086,2015,Property Damage Accident,12:47,2015-01-02,Friday,Y,Daylight,CLAY,SIDESWIPE,ONONDAGA,Curve and Level,Snow,None,Wet,Other Motor Vehicle Collision With,2,2,1,13
1087,2015,Property Damage Accident,18:55,2015-01-02,Friday,Y,Dark-Road Unlighted,LYSANDER,OTHER,ONONDAGA,Curve and Level,Cloudy,No Passing Zone,Snow/Ice,Light Support/Utility Pole Collision With Fixed Object,1,2,1,19
1088,2015,Property Damage Accident,14:29,2015-01-02,Friday,Y,Daylight,CLAY,OVERTAKING,ONONDAGA,Straight and Level,Snow,Traffic Signal,Snow/Ice,Other Motor Vehicle Collision With,2,2,1,15
1089,2015,Property Damage Accident,11:58,2015-01-02,Friday,Y,Daylight,LYSANDER,OTHER,ONONDAGA,Straight and Level,Snow,None,Snow/Ice,Tree Collision With Fixed Object,1,2,1,12
1090,2015,Property Damage Accident,12:50,2015-01-02,Friday,Y,Daylight,CLAY,RIGHT ANGLE,ONONDAGA,Straight and Level,Snow,None,Snow/Ice,Other Motor Vehicle Collision With,2,2,1,13
1091,2015,Property Damage Accident,22:40,2015-01-09,Friday,Y,Dark-Road Unlighted,HALFMOON,OTHER,SARATOGA,Curve and Grade,Cloudy,None,Wet,Deer,1,9,1,23
1092,2015,Property Damage Accident,4:13,2015-01-03,Saturday,Y,Dark-Road Unlighted,THROOP,OTHER,CAYUGA,Curve and Grade,Clear,None,Dry,Tree Collision With Fixed Object,1,3,1,5
1093,2015,Property Damage Accident,14:31,2015-01-03,Saturday,Y,Daylight,OWASCO,OTHER,CAYUGA,Curve and Level,Sleet/Hail/Freezing Rain,None,Snow/Ice,Fence Collision With Fixed Object,1,3,1,15
1094,2015,Property Damage & Injury Accident,18:11,2015-01-02,Friday,Y,Dawn,OVID,OTHER,SENECA,Straight and Level,Clear,None,Dry,Deer,1,2,1,19
1095,2015,Injury Accident,13:45,2015-01-03,Saturday,Y,Daylight,SCIPIO,OTHER,CAYUGA,Straight and Grade,Sleet/Hail/Freezing Rain,None,Snow/Ice,Earth Embankment/Rock Cut/Ditch Collision With Fixed Object,1,3,1,14
1096,2015,Property Damage & Injury Accident,16:15,2015-01-03,Saturday,Y,Dusk,MONROE,OTHER,ORANGE,Straight and Level,Snow,None,Snow/Ice,Guide Rail - Not At End Collision With Fixed Object,1,3,1,17
1097,2015,Property Damage Accident,14:13,2015-01-03,Saturday,Y,Daylight,WALLKILL,OTHER,ORANGE,Straight and Level,Snow,None,Snow/Ice,Guide Rail - Not At End Collision With Fixed Object,1,3,1,15
1098,2015,Property Damage Accident,17:30,2015-01-02,Friday,Y,Dark-Road Unlighted,CLIFTON PARK,OTHER,SARATOGA,Straight and Level,Cloudy,No Passing Zone,Dry,Deer,1,2,1,18
1099,2015,Property Damage Accident,6:12,2015-01-04,Sunday,Y,Dark-Road Unlighted,MALTA,OTHER,SARATOGA,Straight and Grade,Sleet/Hail/Freezing Rain,None,Snow/Ice,Guide Rail - Not At End Collision With Fixed Object,1,4,1,7
1100,2015,Property Damage & Injury Accident,17:03,2015-01-03,Saturday,Y,Dark-Road Unlighted,CORTLANDVILLE,OTHER,CORTLAND,Straight and Grade,Sleet/Hail/Freezing Rain,None,Snow/Ice,Guide Rail - Not At End Collision With Fixed Object,1,3,1,18
1101,2015,Property Damage & Injury Accident,7:08,2015-01-04,Sunday,Y,Dark-Road Unlighted,MALTA,OTHER,SARATOGA,Straight and Grade,Sleet/Hail/Freezing Rain,None,Wet,Guide Rail - Not At End Collision With Fixed Object,1,4,1,8
1102,2015,Property Damage & Injury Accident,8:00,2015-01-04,Sunday,Y,Dawn,MALTA,REAR END,SARATOGA,Straight and Level,Cloudy,None,Wet,Other Motor Vehicle Collision With,2,4,1,9
1103,2015,Property Damage Accident,13:50,2015-01-03,Saturday,Y,Daylight,CORTLAND,OVERTAKING,CORTLAND,Curve and Grade,Sleet/Hail/Freezing Rain,None,Snow/Ice,Guide Rail - Not At End Collision With Fixed Object,2,3,1,14
1104,2015,Property Damage Accident,16:04,2015-01-03,Saturday,Y,Daylight,MARATHON,OTHER,CORTLAND,Curve and Level,Sleet/Hail/Freezing Rain,None,Snow/Ice,Guide Rail - Not At End Collision With Fixed Object,1,3,1,17
1105,2015,Property Damage Accident,18:30,2015-01-03,Saturday,Y,Dark-Road Unlighted,SARATOGA SPRINGS,OTHER,SARATOGA,Straight and Level,Snow,None,Snow/Ice,Sign Post Collision With Fixed Object,1,3,1,19
1106,2015,Property Damage Accident,21:00,2015-01-03,Saturday,Y,Dark-Road Lighted,FORT ANN,OTHER,WASHINGTON,Curve and Level,Sleet/Hail/Freezing Rain,No Passing Zone,Snow/Ice,Guide Rail - Not At End Collision With Fixed Object,1,3,1,22
1107,2015,Property Damage & Injury Accident,18:19,2015-01-03,Saturday,Y,Dark-Road Unlighted,VIRGIL,OTHER,CORTLAND,Straight and Level,Sleet/Hail/Freezing Rain,None,Snow/Ice,Earth Embankment/Rock Cut/Ditch Collision With Fixed Object,1,3,1,19
1108,2015,Property Damage & Injury Accident,20:43,2015-01-03,Saturday,Y,Dark-Road Unlighted,VIRGIL,OTHER,CORTLAND,Straight and Grade,Rain,None,Slush,Sign Post Collision With Fixed Object,1,3,1,21
1109,2015,Property Damage & Injury Accident,17:52,2015-01-04,Sunday,Y,Dark-Road Lighted,FISHKILL,LEFT TURN (0),DUTCHESS,Straight and Level,Cloudy,Traffic Signal,Wet,Other Motor Vehicle Collision With,2,4,1,18
1110,2015,Property Damage Accident,13:12,2015-01-03,Saturday,Y,Daylight,NICHOLS,REAR END,TIOGA,Straight and Level,Snow,None,Snow/Ice,Other Motor Vehicle Collision With,2,3,1,14
1111,2015,Property Damage & Injury Accident,22:30,2015-01-02,Friday,Y,Dark-Road Lighted,AMENIA,RIGHT ANGLE,DUTCHESS,Straight and Level,Cloudy,Traffic Signal,Dry,Other Motor Vehicle Collision With,2,2,1,23
1112,2015,Property Damage Accident,16:00,2015-01-02,Friday,Y,Daylight,OWEGO,OTHER,TIOGA,Curve and Level,Cloudy,None,Wet,Guide Rail - Not At End Collision With Fixed Object,1,2,1,17
1113,2015,Property Damage Accident,17:40,2015-01-05,Monday,Y,Dark-Road Unlighted,DOVER,OTHER,DUTCHESS,Straight and Level,Clear,No Passing Zone,Dry,Deer,1,5,1,18
1114,2015,Property Damage Accident,19:23,2015-01-04,Sunday,Y,Dark-Road Unlighted,CANDOR,OTHER,TIOGA,Curve and Level,Clear,None,Wet,Earth Embankment/Rock Cut/Ditch Collision With Fixed Object,1,4,1,20
1115,2015,Property Damage Accident,19:00,2015-01-03,Saturday,Y,Dark-Road Unlighted,PLEASANT VALLEY,OTHER,DUTCHESS,Straight and Level,Sleet/Hail/Freezing Rain,None,Snow/Ice,Tree Collision With Fixed Object,1,3,1,20
1116,2015,Property Damage Accident,21:15,2015-01-03,Saturday,Y,Dark-Road Unlighted,FLORIDA,OTHER,MONTGOMERY,Straight and Grade,Sleet/Hail/Freezing Rain,None,Snow/Ice,Guide Rail - Not At End Collision With Fixed Object,1,3,1,22
1117,2015,Property Damage & Injury Accident,10:25,2015-01-03,Saturday,Y,Daylight,ELLERY,OTHER,CHAUTAUQUA,Straight and Grade,Sleet/Hail/Freezing Rain,None,Snow/Ice,Guide Rail - Not At End Collision With Fixed Object,1,3,1,11
1118,2015,Property Damage Accident,12:07,2015-01-01,Thursday,Y,Daylight,BRIGHTON,OTHER,FRANKLIN,Curve and Level,Snow,None,Snow/Ice,Tree Collision With Fixed Object,1,1,1,13
1119,2015,Property Damage & Injury Accident,16:28,2015-01-03,Saturday,Y,Dusk,ELLERY,OTHER,CHAUTAUQUA,Curve and Grade,Rain,None,Snow/Ice,Earth Embankment/Rock Cut/Ditch Collision With Fixed Object,1,3,1,17
1120,2015,Property Damage Accident,14:35,2015-01-03,Saturday,Y,Daylight,NICHOLS,OTHER,TIOGA,Curve and Level,Rain,None,Snow/Ice,Guide Rail - Not At End Collision With Fixed Object,1,3,1,15
1121,2015,Property Damage Accident,19:43,2015-01-03,Saturday,Y,Dark-Road Unlighted,SCHROON,OTHER,ESSEX,Straight and Level,Sleet/Hail/Freezing Rain,None,Snow/Ice,Guide Rail - Not At End Collision With Fixed Object,1,3,1,20
1122,2015,Property Damage Accident,16:49,2015-01-05,Monday,Y,Dusk,WATERTOWN,OTHER,JEFFERSON,Straight and Level,Cloudy,None,Dry,Deer,1,5,1,17
1123,2015,Property Damage Accident,19:48,2015-01-03,Saturday,Y,Dark-Road Unlighted,PAMELIA,OTHER,JEFFERSON,Straight and Level,Sleet/Hail/Freezing Rain,None,Slush,Light Support/Utility Pole Collision With Fixed Object,1,3,1,20