id,Year,Crash Descriptor,Time,Date,Day of Week,Police Report,Lighting Conditions,Municipality,Collision Type Descriptor,County Name,Road Descriptor,Weather Conditions,Traffic Control Device,Road Surface Conditions,Event Descriptor,Number of Vehicles Involved,day,month,hour
1124,2015,Property Damage Accident,20:20,2015-01-03,Saturday,Y,Dark-Road Unlighted,ANTWERP,OTHER,JEFFERSON,Straight and Level,Rain,None,Slush,Guide Rail - Not At End Collision With Fixed Object,1,3,1,21
1125,2015,Property Damage Accident,19:30,2015-01-02,Friday,Y,Dark-Road Lighted,CHAMPION,RIGHT ANGLE,JEFFERSON,Straight and Level,Clear,None,Wet,Other Motor Vehicle Collision With,2,2,1,20
1126,2015,Property Damage & Injury Accident,21:15,2015-01-03,Saturday,Y,Dark-Road Unlighted,CHAMPION,OVERTAKING,JEFFERSON,Straight and Level,Snow,None,Snow/Ice,Other Motor Vehicle Collision With,2,3,1,22
1127,2015,Property Damage & Injury Accident,16:06,2015-01-02,Friday,Y,Daylight,ONEIDA,OTHER,MADISON,Straight and Grade,Snow,None,Snow/Ice,Tree Collision With Fixed Object,1,2,1,17
1128,2015,Property Damage Accident,18:34,2015-01-03,Saturday,Y,Dark-Road Unlighted,ONEIDA CASTLE,OTHER,ONEIDA,Straight and Grade,Sleet/Hail/Freezing Rain,None,Snow/Ice,Light Support/Utility Pole Collision With Fixed Object,1,3,1,19
1129,2015,Property Damage Accident,11:47,2015-01-03,Saturday,Y,Daylight,ONEIDA,OTHER,MADISON,Curve and Grade,Cloudy,None,Dry,Other Object (Not Fixed)* Collision With,1,3,1,12
1130,2015,Property Damage & Injury Accident,7:42,2015-01-05,Monday,Y,Daylight,CHENANGO,RIGHT ANGLE,BROOME,Straight and Level,Cloudy,Stop Sign,Dry,Other Motor Vehicle Collision With,2,5,1,8
1131,2015,Property Damage Accident,2:30,2015-01-06,Tuesday,Y,Dark-Road Lighted,OYSTER BAY,SIDESWIPE,NASSAU,Straight and Level,Clear,None,Dry,Other Motor Vehicle Collision With,2,6,1,3
1132,2015,Property Damage Accident,22:15,2015-01-02,Friday,Y,Dark-Road Lighted,HEMPSTEAD,LEFT TURN (3),NASSAU,Straight and Level,Clear,None,Dry,Other Motor Vehicle Collision With,2,2,1,23
1133,2015,Property Damage & Injury Accident,18:40,2015-01-05,Monday,Y,Dark-Road Lighted,OYSTER BAY,RIGHT ANGLE,NASSAU,Curve and Level,Cloudy,Traffic Signal,Dry,Other Motor Vehicle Collision With,2,5,1,19
1134,2015,Property Damage Accident,22:23,2015-01-05,Monday,Y,Dark-Road Lighted,NORTH HEMPSTEAD,RIGHT ANGLE,NASSAU,Straight and Level,Clear,None,Dry,Other Motor Vehicle Collision With,2,5,1,23
1135,2015,Property Damage & Injury Accident,22:04,2015-01-04,Sunday,Y,Dark-Road Lighted,OYSTER BAY,OTHER,NASSAU,Straight and Level,Rain,None,Wet,Guide Rail - Not At End Collision With Fixed Object,1,4,1,23
1136,2015,Property Damage & Injury Accident,2:30,2015-01-04,Sunday,Y,Dark-Road Lighted,HEMPSTEAD,RIGHT ANGLE,NASSAU,Straight and Level,Rain,Stop Sign,Wet,Other Motor Vehicle Collision With,2,4,1,3
1137,2015,Property Damage Accident,16:56,2015-01-05,Monday,Y,Daylight,BETHLEHEM,Unknown,ALBANY,Straight and Level,Cloudy,No Passing Zone,Dry,Other Motor Vehicle Collision With,2,5,1,17
1138,2015,Property Damage Accident,17:31,2015-01-05,Monday,Y,Dark-Road Lighted,BETHLEHEM,RIGHT ANGLE,ALBANY,Straight and Level,Clear,Stop Sign,Dry,Other Motor Vehicle Collision With,2,5,1,18
1139,2015,Property Damage Accident,15:17,2015-01-03,Saturday,Y,Daylight,BETHLEHEM,REAR END,ALBANY,Curve and Level,Snow,No Passing Zone,Snow/Ice,Other Motor Vehicle Collision With,2,3,1,16
1140,2015,Property Damage Accident,15:39,2015-01-03,Saturday,Y,Daylight,BETHLEHEM,RIGHT ANGLE,ALBANY,Straight and Grade,Snow,No Passing Zone,Snow/Ice,Other Motor Vehicle Collision With,2,3,1,16
1141,2015,Property Damage Accident,14:45,2015-01-03,Saturday,Y,Daylight,BETHLEHEM,REAR END,ALBANY,Straight and Level,Snow,Traffic Signal,Snow/Ice,Other Motor Vehicle Collision With,2,3,1,15
1142,2015,Property Damage Accident,15:20,2015-01-05,Monday,Y,Daylight,BABYLON,REAR END,SUFFOLK,Straight and Level,Clear,None,Dry,Other Motor Vehicle Collision With,2,5,1,16
1143,2015,Property Damage Accident,22:11,2015-01-04,Sunday,Y,Dark-Road Lighted,,HEAD ON,ALBANY,Straight at Hill Crest,Clear,None,Wet,Other Motor Vehicle Collision With,2,4,1,23
1144,2015,Property Damage & Injury Accident,16:49,2015-01-05,Monday,Y,Dusk,ALBANY,RIGHT ANGLE,ALBANY,Straight and Level,Clear,Traffic Signal,Dry,Other Motor Vehicle Collision With,2,5,1,17
1145,2015,Property Damage & Injury Accident,13:32,2015-01-03,Saturday,Y,Daylight,ALBANY,OTHER,ALBANY,Straight and Level,Clear,Traffic Signal,Dry,Other Motor Vehicle Collision With,3,3,1,14
1146,2015,Property Damage Accident,14:58,2015-01-03,Saturday,Y,Daylight,ALBANY,RIGHT ANGLE,ALBANY,Straight and Level,Snow,Traffic Signal,Snow/Ice,Other Motor Vehicle Collision With,2,3,1,15
1147,2015,Property Damage Accident,12:25,2015-01-01,Thursday,Y,Daylight,ALBANY,OVERTAKING,ALBANY,Straight and Level,Clear,Traffic Signal,Dry,Other Motor Vehicle Collision With,2,1,1,13
1148,2015,Property Damage & Injury Accident,15:35,2015-01-03,Saturday,Y,Daylight,ALBANY,REAR END,ALBANY,Straight and Level,Snow,Traffic Signal,Snow/Ice,Other Motor Vehicle Collision With,2,3,1,16
1149,2015,Property Damage Accident,13:26,2015-01-03,Saturday,Y,Daylight,ALBANY,LEFT TURN (3),ALBANY,Straight and Level,Cloudy,None,Dry,Other Motor Vehicle Collision With,2,3,1,14
1150,2015,Property Damage Accident,11:27,2015-01-06,Tuesday,Y,Daylight,HEMPSTEAD,RIGHT TURN (6),NASSAU,Straight and Level,Snow,Traffic Signal,Snow/Ice,Other Motor Vehicle Collision With,2,6,1,12
1151,2015,Property Damage Accident,12:05,2015-01-06,Tuesday,Y,Daylight,HEMPSTEAD,OTHER,NASSAU,Straight and Level,Snow,None,Snow/Ice,Curbing Collision With Fixed Object,1,6,1,13
1152,2015,Injury Accident,11:10,2015-01-06,Tuesday,Y,Daylight,OYSTER BAY,REAR END,NASSAU,Straight and Level,Snow,Traffic Signal,Snow/Ice,Other Motor Vehicle Collision With,2,6,1,12
1153,2015,Property Damage Accident,7:00,2015-01-05,Monday,Y,Daylight,HEMPSTEAD,OVERTAKING,NASSAU,Straight and Level,Clear,None,Dry,Other Motor Vehicle Collision With,2,5,1,8
1154,2015,Property Damage Accident,12:10,2015-01-06,Tuesday,Y,Daylight,HEMPSTEAD,REAR END,NASSAU,Straight and Level,Snow,Stop Sign,Snow/Ice,Other Motor Vehicle Collision With,2,6,1,13
1155,2015,Property Damage Accident,8:05,2015-01-05,Monday,Y,Daylight,HEMPSTEAD,RIGHT ANGLE,NASSAU,Straight and Level,Clear,None,Dry,Other Motor Vehicle Collision With,2,5,1,9
1156,2015,Property Damage Accident,12:40,2015-01-06,Tuesday,Y,Daylight,OYSTER BAY,OVERTAKING,NASSAU,Straight and Level,Snow,None,Snow/Ice,Other Motor Vehicle Collision With,2,6,1,13
1157,2015,Property Damage & Injury Accident,11:05,2015-01-05,Monday,Y,Daylight,HEMPSTEAD,OTHER,NASSAU,Straight and Level,Clear,Traffic Signal,Other,Other Motor Vehicle Collision With,3,5,1,12
1158,2015,Property Damage Accident,12:04,2015-01-05,Monday,Y,Daylight,PORT JERVIS,LEFT TURN (3),ORANGE,Straight and Level,Clear,None,Dry,Other Motor Vehicle Collision With,2,5,1,13
1159,2015,Property Damage Accident,17:55,2015-01-05,Monday,Y,Dark-Road Unlighted,GOSHEN,OTHER,ORANGE,Straight and Level,Cloudy,None,Dry,Deer,1,5,1,18
1160,2015,Property Damage & Injury Accident,15:45,2015-01-03,Saturday,Y,Daylight,GOSHEN,OTHER,ORANGE,Curve and Level,Snow,None,Snow/Ice,Sign Post Collision With Fixed Object,1,3,1,16
1161,2015,Property Damage Accident,22:55,2015-01-03,Saturday,Y,Dark-Road Unlighted,GOSHEN,OTHER,ORANGE,Straight and Level,Rain,None,Snow/Ice,Ran Off Roadway Only Non-Collision,1,3,1,23
1162,2015,Property Damage Accident,15:30,2015-01-03,Saturday,Y,Daylight,SAUGERTIES,OTHER,ULSTER,Curve and Level,Snow,None,Snow/Ice,Light Support/Utility Pole Collision With Fixed Object,1,3,1,16
1163,2015,Property Damage Accident,12:45,2015-01-01,Thursday,Y,Daylight,SAUGERTIES,OTHER,ULSTER,Straight and Level,Clear,None,Dry,Deer,1,1,1,13
1164,2015,Property Damage Accident,7:51,2015-01-04,Sunday,Y,Daylight,SHANDAKEN,OTHER,ULSTER,Curve and Level,Rain,None,Slush,Tree Collision With Fixed Object,1,4,1,8
1165,2015,Property Damage Accident,0:10,2015-01-04,Sunday,Y,Dark-Road Unlighted,SHANDAKEN,OTHER,ULSTER,Curve and Level,Sleet/Hail/Freezing Rain,None,Snow/Ice,Guide Rail - Not At End Collision With Fixed Object,1,4,1,1
1166,2015,Property Damage Accident,13:40,2015-01-01,Thursday,Y,Daylight,PLATTSBURG,RIGHT TURN (5),CLINTON,Straight and Level,Cloudy,None,Dry,Other Motor Vehicle Collision With,2,1,1,14
1167,2015,Property Damage Accident,13:20,2015-01-06,Tuesday,Y,Daylight,SARATOGA SPRINGS,OTHER,SARATOGA,Straight and Level,Snow,None,Snow/Ice,Guide Rail - Not At End Collision With Fixed Object,1,6,1,14
1168,2015,Property Damage Accident,0:10,2015-01-06,Tuesday,Y,Dark-Road Lighted,BROOKHAVEN,SIDESWIPE,SUFFOLK,Straight and Level,Clear,None,Dry,Other Motor Vehicle Collision With,2,6,1,1
1169,2015,Property Damage Accident,14:38,2015-01-05,Monday,Y,Daylight,SARATOGA SPRINGS,REAR END,SARATOGA,Straight and Level,Cloudy,None,Snow/Ice,Other Motor Vehicle Collision With,2,5,1,15
1170,2015,Property Damage & Injury Accident,6:52,2015-01-05,Monday,Y,Dawn,ISLANDIA,OTHER,SUFFOLK,Straight and Level,Cloudy,None,Dry,Median - Not At End Collision With Fixed Object,1,5,1,7
1171,2015,Property Damage & Injury Accident,7:47,2015-01-06,Tuesday,Y,Daylight,SARATOGA SPRINGS,REAR END,SARATOGA,Straight and Level,Cloudy,Traffic Signal,Snow/Ice,Other Motor Vehicle Collision With,2,6,1,8
1172,2015,Property Damage Accident,18:20,2015-01-05,Monday,Y,Dark-Road Lighted,HUNTINGTON,REAR END,SUFFOLK,Straight and Grade,Clear,None,Dry,Other Motor Vehicle Collision With,2,5,1,19
1173,2015,Property Damage Accident,17:21,2015-01-05,Monday,Y,Dark-Road Unlighted,WILTON,OTHER,SARATOGA,Straight and Level,Cloudy,None,Snow/Ice,Animal Collision With,1,5,1,18
1174,2015,Property Damage Accident,12:25,2015-01-05,Monday,Y,Daylight,BALLSTON,RIGHT ANGLE,SARATOGA,Straight and Level,Snow,Stop Sign,Snow/Ice,Other Motor Vehicle Collision With,2,5,1,13
1175,2015,Property Damage Accident,8:41,2015-01-05,Monday,Y,Daylight,HUNTINGTON,REAR END,SUFFOLK,Straight and Grade,Cloudy,None,Dry,Other Motor Vehicle Collision With,2,5,1,9
1176,2015,Property Damage & Injury Accident,13:21,2015-01-06,Tuesday,Y,Daylight,MILTON,OTHER,SARATOGA,Straight and Level,Snow,None,Snow/Ice,Earth Embankment/Rock Cut/Ditch Collision With Fixed Object,1,6,1,14
1177,2015,Property Damage Accident,7:03,2015-01-06,Tuesday,Y,Daylight,HUNTINGTON,REAR END,SUFFOLK,Straight and Level,Cloudy,None,Dry,Other Motor Vehicle Collision With,2,6,1,8
1178,2015,Property Damage Accident,17:51,2015-01-05,Monday,Y,Dark-Road Lighted,HUNTINGTON,REAR END,SUFFOLK,Straight and Level,Cloudy,None,Dry,Other Motor Vehicle Collision With,2,5,1,18
1179,2015,Property Damage Accident,15:51,2015-01-04,Sunday,Y,Dark-Road Unlighted,MOREAU,OTHER,SARATOGA,Curve and Level,Sleet/Hail/Freezing Rain,No Passing Zone,Snow/Ice,Guide Rail - Not At End Collision With Fixed Object,1,4,1,16
1180,2015,Property Damage Accident,18:24,2015-01-05,Monday,Y,Dark-Road Lighted,HUNTINGTON,OTHER,SUFFOLK,Straight and Level,Cloudy,None,Dry,Other Motor Vehicle Collision With,3,5,1,19
1181,2015,Property Damage & Injury Accident,11:27,2015-01-05,Monday,Y,Daylight,STILLWATER,OTHER,SARATOGA,Curve and Grade,Sleet/Hail/Freezing Rain,No Passing Zone,Snow/Ice,Earth Embankment/Rock Cut/Ditch Collision With Fixed Object,1,5,1,12
1182,2015,Property Damage Accident,17:35,2015-01-05,Monday,Y,Dark-Road Lighted,WHITE PLAINS,REAR END,WESTCHESTER,Straight and Level,Clear,None,Dry,Other Motor Vehicle Collision With,2,5,1,18
1183,2015,Property Damage & Injury Accident,8:45,2015-01-05,Monday,Y,Daylight,WHITE PLAINS,RIGHT ANGLE,WESTCHESTER,Straight and Level,Clear,Traffic Signal,Dry,Other Motor Vehicle Collision With,2,5,1,9
1184,2015,Property Damage Accident,7:46,2015-01-05,Monday,Y,Daylight,WHITE PLAINS,OVERTAKING,WESTCHESTER,Straight and Level,Clear,None,Dry,Other Motor Vehicle Collision With,2,5,1,8
1185,2015,Property Damage & Injury Accident,11:10,2015-01-06,Tuesday,Y,Daylight,EASTCHESTER,RIGHT ANGLE,WESTCHESTER,Straight and Level,Snow,Stop Sign,Snow/Ice,Other Motor Vehicle Collision With,2,6,1,12
1186,2015,Property Damage & Injury Accident,14:19,2015-01-05,Monday,Y,Daylight,BEACON,REAR END,DUTCHESS,Straight and Level,Clear,No Passing Zone,Dry,Other Motor Vehicle Collision With,2,5,1,15
1187,2015,Property Damage Accident,17:52,2015-01-05,Monday,Y,Dark-Road Lighted,COLONIE,REAR END,ALBANY,Straight and Grade,Cloudy,None,Dry,Other Motor Vehicle Collision With,2,5,1,18
1188,2015,Injury Accident,8:35,2015-01-05,Monday,Y,Daylight,COLONIE,OTHER,ALBANY,Straight and Level,Clear,None,Dry,Pedestrian Collision With,1,5,1,9
1189,2015,Property Damage Accident,7:00,2015-01-05,Monday,Y,Dawn,COLONIE,REAR END,ALBANY,Straight and Level,Cloudy,Traffic Signal,Dry,Other Motor Vehicle Collision With,2,5,1,8
1190,2015,Property Damage Accident,10:45,2015-01-06,Tuesday,Y,Daylight,LARCHMONT,RIGHT TURN (5),WESTCHESTER,Curve and Level,Snow,None,Snow/Ice,Other Motor Vehicle Collision With,2,6,1,11
1191,2015,Property Damage Accident,10:52,2015-01-05,Monday,Y,Daylight,QUEENSBURY,OTHER,WARREN,Straight and Level,Cloudy,Traffic Signal,Dry,Other Motor Vehicle Collision With,3,5,1,11
1192,2015,Property Damage Accident,12:45,2015-01-01,Thursday,Y,Daylight,LAKE GEORGE,OTHER,WARREN,Straight and Level,Clear,No Passing Zone,Dry,Light Support/Utility Pole Collision With Fixed Object,1,1,1,13
1193,2015,Property Damage & Injury Accident,12:45,2015-01-03,Saturday,Y,Daylight,MONTICELLO,REAR END,SULLIVAN,Straight and Grade,Snow,Traffic Signal,Snow/Ice,Other Motor Vehicle Collision With,2,3,1,13
1194,2015,Property Damage Accident,6:45,2015-01-04,Sunday,Y,Dark-Road Lighted,MONTICELLO,OTHER,SULLIVAN,Straight and Level,Rain,No Passing Zone,Wet,Deer,1,4,1,7
1195,2015,Property Damage Accident,12:03,2015-01-05,Monday,Y,Daylight,THOMPSON,REAR END,SULLIVAN,Straight and Level,Clear,None,Dry,Other Motor Vehicle Collision With,2,5,1,13
1196,2015,Property Damage Accident,17:59,2015-01-03,Saturday,Y,Dark-Road Unlighted,HAMILTON,OTHER,MADISON,Curve at Hill Crest,Sleet/Hail/Freezing Rain,None,Snow/Ice,Snow Embankment Collision With Fixed Object,1,3,1,18
1197,2015,Property Damage & Injury Accident,0:30,2015-01-05,Monday,Y,Dark-Road Lighted,NEWBURGH,OTHER,ORANGE,Straight and Grade,Cloudy,None,Wet,Light Support/Utility Pole Collision With Fixed Object,1,5,1,1
1198,2015,Property Damage Accident,11:43,2015-01-05,Monday,Y,Daylight,YORKTOWN,OTHER,WESTCHESTER,Straight and Grade,Clear,No Passing Zone,Dry,Tree Collision With Fixed Object,1,5,1,12
1199,2015,Property Damage Accident,14:32,2015-01-05,Monday,Y,Daylight,WHEATFIELD,RIGHT ANGLE,NIAGARA,Straight and Level,Clear,None,Dry,Other Motor Vehicle Collision With,2,5,1,15
1200,2015,Property Damage Accident,9:35,2015-01-06,Tuesday,Y,Daylight,NEWBURGH,OTHER,ORANGE,Straight and Level,Cloudy,None,Dry,Guide Rail - End Collision With Fixed Object,1,6,1,10
1201,2015,Property Damage Accident,7:20,2015-01-06,Tuesday,Y,Daylight,MOUNT PLEASANT,REAR END,WESTCHESTER,Straight and Level,Cloudy,None,Dry,Other Motor Vehicle Collision With,2,6,1,8
1202,2015,Property Damage Accident,15:05,2015-01-06,Tuesday,Y,Daylight,NEW CASTLE,REAR END,WESTCHESTER,Straight and Level,Snow,No Passing Zone,Wet,Other Motor Vehicle Collision With,2,6,1,16
1203,2015,Property Damage Accident,12:14,2015-01-05,Monday,Y,Daylight,PALATINE,OTHER,MONTGOMERY,Curve and Grade,Snow,None,Snow/Ice,Light Support/Utility Pole Collision With Fixed Object,1,5,1,13
1204,2015,Property Damage Accident,14:15,2015-01-06,Tuesday,Y,Daylight,OLEAN,REAR END,CATTARAUGUS,Straight and Level,Cloudy,Traffic Signal,Wet,Other Motor Vehicle Collision With,2,6,1,15
1205,2015,Property Damage Accident,12:35,2015-01-06,Tuesday,Y,Daylight,MIDDLETOWN,OTHER,ORANGE,Curve and Grade,Snow,None,Snow/Ice,Light Support/Utility Pole Collision With Fixed Object,1,6,1,13
1206,2015,Property Damage Accident,18:45,2015-01-05,Monday,Y,Dark-Road Unlighted,AMSTERDAM,OTHER,MONTGOMERY,Straight and Level,Cloudy,None,Dry,Animal Collision With,1,5,1,19
1207,2015,Property Damage Accident,3:17,2015-01-05,Monday,Y,Dark-Road Unlighted,NEWFANE,OTHER,NIAGARA,Curve and Level,Snow,None,Snow/Ice,Guide Rail - End Collision With Fixed Object,1,5,1,4
1208,2015,Property Damage & Injury Accident,13:20,2015-01-06,Tuesday,Y,Daylight,MINDEN,OTHER,MONTGOMERY,Straight and Grade,Snow,None,Snow/Ice,Earth Embankment/Rock Cut/Ditch Collision With Fixed Object,1,6,1,14
1209,2015,Property Damage Accident,12:13,2015-01-01,Thursday,Y,Daylight,ROYALTON,OTHER,NIAGARA,Straight and Level,Cloudy,None,Snow/Ice,Earth Embankment/Rock Cut/Ditch Collision With Fixed Object,1,1,1,13
1210,2015,Property Damage Accident,12:48,2015-01-06,Tuesday,Y,Daylight,ST. JOHNSVILLE,OTHER,MONTGOMERY,Curve and Level,Snow,None,Snow/Ice,Guide Rail - Not At End Collision With Fixed Object,1,6,1,13
1211,2015,Injury Accident,11:29,2015-01-05,Monday,Y,Daylight,AMSTERDAM,RIGHT ANGLE,MONTGOMERY,Straight and Level,Snow,None,Snow/Ice,Other Motor Vehicle Collision With,2,5,1,12
1212,2015,Property Damage Accident,16:10,2015-01-05,Monday,Y,Daylight,LOCKPORT,REAR END,NIAGARA,Straight and Level,Clear,None,Dry,Other Motor Vehicle Collision With,2,5,1,17
1213,2015,Property Damage Accident,18:50,2015-01-05,Monday,Y,Dark-Road Lighted,PENDLETON,RIGHT ANGLE,NIAGARA,Straight and Level,Cloudy,Traffic Signal,Wet,Other Motor Vehicle Collision With,2,5,1,19
1214,2015,Property Damage Accident,20:57,2015-01-03,Saturday,Y,Dark-Road Unlighted,NIAGARA FALLS,OTHER,NIAGARA,Straight and Level,Rain,None,Snow/Ice,Guide Rail - Not At End Collision With Fixed Object,1,3,1,21
1215,2015,Property Damage Accident,17:10,2015-01-06,Tuesday,Y,Dark-Road Lighted,VALLEY STREAM,REAR END,NASSAU,Straight and Level,Cloudy,Traffic Signal,Snow/Ice,Other Motor Vehicle Collision With,2,6,1,18
1216,2015,Property Damage Accident,18:15,2015-01-06,Tuesday,Y,Dark-Road Lighted,VALLEY STREAM,OVERTAKING,NASSAU,Straight and Level,Cloudy,Traffic Signal,Snow/Ice,Other Motor Vehicle Collision With,2,6,1,19
1217,2015,Property Damage Accident,13:35,2015-01-06,Tuesday,Y,Daylight,OYSTER BAY,RIGHT ANGLE,NASSAU,Straight and Level,Snow,None,Snow/Ice,Other Motor Vehicle Collision With,2,6,1,14
1218,2015,Property Damage Accident,11:15,2015-01-06,Tuesday,Y,Daylight,VALLEY STREAM,OVERTAKING,NASSAU,Curve and Level,Snow,None,Snow/Ice,Other Motor Vehicle Collision With,2,6,1,12
1219,2015,Injury Accident,18:30,2015-01-05,Monday,Y,Dark-Road Lighted,NIAGARA,REAR END,NIAGARA,Straight and Level,Cloudy,Traffic Signal,Snow/Ice,Other Motor Vehicle Collision With,2,5,1,19
1220,2015,Property Damage Accident,20:00,2015-01-05,Monday,Y,Dark-Road Lighted,EAST HILLS,OVERTAKING,NASSAU,Straight and Level,Clear,None,Dry,Other Motor Vehicle Collision With,2,5,1,21
1221,2015,Property Damage Accident,11:00,2015-01-05,Monday,Y,Daylight,OYSTER BAY,OVERTAKING,NASSAU,Straight and Level,Clear,None,Dry,Other Motor Vehicle Collision With,2,5,1,12
1222,2015,Property Damage Accident,10:20,2015-01-06,Tuesday,Y,Daylight,OYSTER BAY,OVERTAKING,NASSAU,Straight and Level,Snow,Stop Sign,Snow/Ice,Other Motor Vehicle Collision With,2,6,1,11
1223,2015,Injury Accident,19:20,2015-01-04,Sunday,Y,Dark-Road Lighted,VALLEY STREAM,RIGHT ANGLE,NASSAU,Straight and Level,Rain,Traffic Signal,Wet,Other Motor Vehicle Collision With,2,4,1,20
1224,2015,Property Damage Accident,14:40,2015-01-06,Tuesday,Y,Daylight,HEMPSTEAD,LEFT TURN (3),NASSAU,Straight and Level,Snow,Stop Sign,Snow/Ice,Other Motor Vehicle Collision With,2,6,1,15
1225,2015,Property Damage Accident,7:50,2015-01-05,Monday,Y,Daylight,HEMPSTEAD,OVERTAKING,NASSAU,Straight and Level,Clear,None,Dry,Other Motor Vehicle Collision With,2,5,1,8
1226,2015,Property Damage Accident,17:10,2015-01-05,Monday,Y,Dark-Road Lighted,HEMPSTEAD,REAR END,NASSAU,Straight and Level,Clear,Flashing Light,Dry,Other Motor Vehicle Collision With,2,5,1,18
1227,2015,Property Damage Accident,13:30,2015-01-06,Tuesday,Y,Daylight,HEMPSTEAD,REAR END,NASSAU,Straight and Level,Snow,Traffic Signal,Snow/Ice,Other Motor Vehicle Collision With,2,6,1,14
1228,2015,Property Damage Accident,11:59,2015-01-06,Tuesday,Y,Daylight,HEMPSTEAD,REAR END,NASSAU,Curve and Level,Snow,None,Snow/Ice,Other Motor Vehicle Collision With,2,6,1,12
1229,2015,Property Damage Accident,16:32,2015-01-06,Tuesday,Y,Dusk,NORTH HEMPSTEAD,SIDESWIPE,NASSAU,Straight and Level,Snow,None,Snow/Ice,Other Motor Vehicle Collision With,2,6,1,17
1230,2015,Property Damage & Injury Accident,10:30,2015-01-06,Tuesday,Y,Daylight,HEMPSTEAD,REAR END,NASSAU,Straight and Level,Snow,Traffic Signal,Snow/Ice,Other Motor Vehicle Collision With,2,6,1,11
1231,2015,Property Damage Accident,9:27,2015-01-06,Tuesday,Y,Daylight,NORTH HILLS,OTHER,NASSAU,Straight and Grade,Snow,Traffic Signal,Snow/Ice,Other Motor Vehicle Collision With,3,6,1,10
1232,2015,Property Damage Accident,18:40,2015-01-06,Tuesday,Y,Dark-Road Lighted,OYSTER BAY,OTHER,NASSAU,Straight and Level,Snow,None,Snow/Ice,Other Motor Vehicle Collision With,2,6,1,19
1233,2015,Property Damage Accident,7:55,2015-01-06,Tuesday,Y,Daylight,OYSTER BAY,REAR END,NASSAU,Straight and Level,Cloudy,None,Dry,Other Motor Vehicle Collision With,2,6,1,8
1234,2015,Property Damage & Injury Accident,13:15,2015-01-06,Tuesday,Y,Daylight,MASSAPEQUA PARK,RIGHT ANGLE,NASSAU,Straight and Level,Snow,Stop Sign,Snow/Ice,Other Motor Vehicle Collision With,2,6,1,14
1235,2015,Property Damage Accident,12:25,2015-01-06,Tuesday,Y,Daylight,OYSTER BAY,HEAD ON,NASSAU,Curve and Level,Snow,None,Snow/Ice,Other Motor Vehicle Collision With,2,6,1,13
1236,2015,Injury Accident,6:48,2015-01-06,Tuesday,Y,Dawn,ROCKVILLE CENTRE,OTHER,NASSAU,Straight and Level,Cloudy,None,Snow/Ice,Tree Collision With Fixed Object,1,6,1,7
1237,2015,Property Damage Accident,14:35,2015-01-06,Tuesday,Y,Daylight,OYSTER BAY,RIGHT ANGLE,NASSAU,Straight and Level,Snow,None,Snow/Ice,Other Motor Vehicle Collision With,2,6,1,15
1238,2015,Property Damage Accident,18:45,2015-01-06,Tuesday,Y,Dark-Road Lighted,GREAT NECK,OVERTAKING,NASSAU,Straight and Level,Cloudy,None,Wet,Other Motor Vehicle Collision With,2,6,1,19
1239,2015,Property Damage & Injury Accident,14:00,2015-01-06,Tuesday,Y,Daylight,HEMPSTEAD,OTHER,NASSAU,Curve and Level,Snow,Traffic Signal,Wet,Other Motor Vehicle Collision With,3,6,1,15
1240,2015,Property Damage Accident,12:01,2015-01-05,Monday,Y,Daylight,NORTH HILLS,OVERTAKING,NASSAU,Straight and Level,Clear,Stop Sign,Dry,Other Motor Vehicle Collision With,2,5,1,13
1241,2015,Property Damage Accident,14:30,2015-01-05,Monday,Y,Daylight,VALLEY STREAM,OVERTAKING,NASSAU,Straight and Level,Clear,None,Dry,Other Motor Vehicle Collision With,2,5,1,15
1242,2015,Injury Accident,9:56,2015-01-06,Tuesday,Y,Daylight,OYSTER BAY,REAR END,NASSAU,Straight and Level,Snow,Traffic Signal,Snow/Ice,Other Motor Vehicle Collision With,2,6,1,10
1243,2015,Property Damage Accident,22:15,2015-01-05,Monday,Y,Dark-Road Lighted,HEMPSTEAD,OVERTAKING,NASSAU,Curve and Level,Cloudy,None,Dry,Other Motor Vehicle Collision With,2,5,1,23
1244,2015,Property Damage Accident,10:25,2015-01-06,Tuesday,Y,Daylight,OYSTER BAY,OTHER,NASSAU,Straight and Level,Snow,None,Snow/Ice,Tree Collision With Fixed Object,1,6,1,11
1245,2015,Property Damage Accident,17:00,2015-01-06,Tuesday,Y,Dark-Road Lighted,NORTH HEMPSTEAD,OTHER,NASSAU,Straight and Level,Clear,Traffic Signal,Wet,Other Motor Vehicle Collision With,4,6,1,18
1246,2015,Injury Accident,12:35,2015-01-06,Tuesday,Y,Daylight,OYSTER BAY,OTHER,NASSAU,Straight and Level,Snow,None,Snow/Ice,Pedestrian Collision With,1,6,1,13
1247,2015,Property Damage Accident,22:22,2015-01-05,Monday,Y,Dark-Road Lighted,HEMPSTEAD,REAR END,NASSAU,Straight and Level,Clear,None,Dry,Other Motor Vehicle Collision With,2,5,1,23
1248,2015,Property Damage Accident,10:20,2015-01-06,Tuesday,Y,Daylight,OYSTER BAY,RIGHT ANGLE,NASSAU,Straight and Level,Snow,Stop Sign,Snow/Ice,Other Motor Vehicle Collision With,2,6,1,11
1249,2015,Property Damage Accident,18:31,2015-01-05,Monday,Y,Dark-Road Lighted,RUSSELL GARDENS,OVERTAKING,NASSAU,Straight and Level,Clear,None,Dry,Other Motor Vehicle Collision With,2,5,1,19