id,Year,Crash Descriptor,Time,Date,Day of Week,Police Report,Lighting Conditions,Municipality,Collision Type Descriptor,County Name,Road Descriptor,Weather Conditions,Traffic Control Device,Road Surface Conditions,Event Descriptor,Number of Vehicles Involved,day,month,hour
1250,2015,Property Damage Accident,9:55,2015-01-06,Tuesday,Y,Daylight,NORTH HEMPSTEAD,REAR END,NASSAU,Straight and Level,Snow,Traffic Signal,Snow/Ice,Other Motor Vehicle Collision With,2,6,1,10
1251,2015,Property Damage & Injury Accident,16:10,2015-01-06,Tuesday,Y,Dusk,HEMPSTEAD,OTHER,NASSAU,Straight and Level,Snow,Traffic Signal,Snow/Ice,Other Motor Vehicle Collision With,3,6,1,17
1252,2015,Property Damage Accident,14:25,2015-01-06,Tuesday,Y,Daylight,HEMPSTEAD,HEAD ON,NASSAU,Curve and Level,Snow,None,Snow/Ice,Other Motor Vehicle Collision With,2,6,1,15
1253,2015,Property Damage Accident,10:00,2015-01-06,Tuesday,Y,Daylight,NORTH HEMPSTEAD,RIGHT ANGLE,NASSAU,Straight and Level,Snow,None,Snow/Ice,Other Motor Vehicle Collision With,2,6,1,11
1254,2015,Property Damage Accident,17:00,2015-01-06,Tuesday,Y,Dark-Road Lighted,WESTBURY,OVERTAKING,NASSAU,Straight and Level,Snow,Traffic Signal,Wet,Other Motor Vehicle Collision With,2,6,1,18
1255,2015,Property Damage Accident,18:03,2015-01-06,Tuesday,Y,Dark-Road Lighted,HEMPSTEAD,REAR END,NASSAU,Straight and Level,Snow,None,Snow/Ice,Other Motor Vehicle Collision With,2,6,1,19
1256,2015,Property Damage Accident,10:15,2015-01-06,Tuesday,Y,Daylight,OYSTER BAY,REAR END,NASSAU,Curve and Level,Snow,None,Snow/Ice,Other Motor Vehicle Collision With,2,6,1,11
1257,2015,Property Damage & Injury Accident,10:36,2015-01-06,Tuesday,Y,Daylight,NORTH HILLS,REAR END,NASSAU,Straight and Level,Snow,Traffic Signal,Snow/Ice,Other Motor Vehicle Collision With,2,6,1,11
1258,2015,Property Damage & Injury Accident,13:55,2015-01-06,Tuesday,Y,Daylight,OYSTER BAY,REAR END,NASSAU,Straight and Level,Snow,None,Snow/Ice,Other Motor Vehicle Collision With,2,6,1,14
1259,2015,Property Damage Accident,13:15,2015-01-06,Tuesday,Y,Daylight,OYSTER BAY,OVERTAKING,NASSAU,Curve and Level,Snow,None,Snow/Ice,Other Motor Vehicle Collision With,2,6,1,14
1260,2015,Property Damage & Injury Accident,20:05,2015-01-05,Monday,Y,Dark-Road Lighted,OYSTER BAY,RIGHT ANGLE,NASSAU,Straight and Level,Clear,Traffic Signal,Dry,Other Motor Vehicle Collision With,2,5,1,21
1261,2015,Property Damage Accident,11:45,2015-01-06,Tuesday,Y,Daylight,OYSTER BAY,RIGHT TURN (5),NASSAU,Straight and Level,Snow,None,Snow/Ice,Other Motor Vehicle Collision With,2,6,1,12
1262,2015,Property Damage & Injury Accident,16:00,2015-01-06,Tuesday,Y,Daylight,WESTBURY,REAR END,NASSAU,Straight and Level,Snow,Stop Sign,Snow/Ice,Other Motor Vehicle Collision With,2,6,1,17
1263,2015,Property Damage Accident,12:30,2015-01-06,Tuesday,Y,Daylight,GREAT NECK,REAR END,NASSAU,Straight and Grade,Snow,Stop Sign,Snow/Ice,Other Motor Vehicle Collision With,2,6,1,13
1264,2015,Property Damage Accident,12:30,2015-01-06,Tuesday,Y,Daylight,HEMPSTEAD,OTHER,NASSAU,Straight and Level,Snow,Stop Sign,Snow/Ice,Other Motor Vehicle Collision With,3,6,1,13
1265,2015,Property Damage Accident,9:50,2015-01-06,Tuesday,Y,Daylight,OYSTER BAY,REAR END,NASSAU,Straight and Level,Snow,None,Snow/Ice,Other Motor Vehicle Collision With,2,6,1,10
1266,2015,Property Damage Accident,14:40,2015-01-06,Tuesday,Y,Daylight,OYSTER BAY,SIDESWIPE,NASSAU,Curve and Level,Snow,None,Snow/Ice,Other Motor Vehicle Collision With,2,6,1,15
1267,2015,Property Damage Accident,14:48,2015-01-06,Tuesday,Y,Daylight,OYSTER BAY,RIGHT ANGLE,NASSAU,Straight and Level,Sleet/Hail/Freezing Rain,Stop Sign,Snow/Ice,Other Motor Vehicle Collision With,2,6,1,15
1268,2015,Injury Accident,18:35,2015-01-06,Tuesday,Y,Dark-Road Lighted,OYSTER BAY,RIGHT ANGLE,NASSAU,Straight and Level,Cloudy,Stop Sign,Snow/Ice,Other Motor Vehicle Collision With,2,6,1,19
1269,2015,Property Damage Accident,11:30,2015-01-06,Tuesday,Y,Daylight,OYSTER BAY,RIGHT ANGLE,NASSAU,Straight and Level,Snow,None,Snow/Ice,Other Motor Vehicle Collision With,2,6,1,12
1270,2015,Injury Accident,8:09,2015-01-06,Tuesday,Y,Daylight,CHILI,OTHER,MONROE,Curve and Level,Snow,None,Snow/Ice,Light Support/Utility Pole Collision With Fixed Object,1,6,1,9
1271,2015,Property Damage Accident,11:08,2015-01-05,Monday,Y,Daylight,PITTSFORD,RIGHT ANGLE,MONROE,Straight and Level,Cloudy,None,Dry,Other Motor Vehicle Collision With,2,5,1,12
1272,2015,Property Damage Accident,7:42,2015-01-05,Monday,Y,Dawn,PITTSFORD,OTHER,MONROE,Straight and Grade,Clear,None,Snow/Ice,Light Support/Utility Pole Collision With Fixed Object,1,5,1,8
1273,2015,Property Damage Accident,15:10,2015-01-05,Monday,Y,Daylight,LLOYD,OTHER,ULSTER,Straight and Level,Clear,None,Dry,Other Object (Not Fixed)* Collision With,1,5,1,16
1274,2015,Property Damage & Injury Accident,19:15,2015-01-05,Monday,Y,Dark-Road Lighted,IRONDEQUOIT,RIGHT ANGLE,MONROE,Straight and Level,Clear,Other,Dry,Other Motor Vehicle Collision With,2,5,1,20
1275,2015,Property Damage Accident,16:30,2015-01-05,Monday,Y,Daylight,IRONDEQUOIT,REAR END,MONROE,Straight and Level,Cloudy,None,Dry,Other Motor Vehicle Collision With,2,5,1,17
1276,2015,Property Damage Accident,16:06,2015-01-05,Monday,Y,Daylight,IRONDEQUOIT,RIGHT ANGLE,MONROE,Straight and Level,Clear,Stop Sign,Dry,Other Motor Vehicle Collision With,2,5,1,17
1277,2015,Property Damage Accident,17:46,2015-01-06,Tuesday,Y,Dark-Road Lighted,BRIGHTON,RIGHT ANGLE,MONROE,Straight and Level,Cloudy,None,Dry,Other Motor Vehicle Collision With,2,6,1,18
1278,2015,Property Damage Accident,19:46,2015-01-06,Tuesday,Y,Dark-Road Lighted,BRIGHTON,RIGHT ANGLE,MONROE,Straight and Level,Snow,Traffic Signal,Wet,Other Motor Vehicle Collision With,2,6,1,20
1279,2015,Property Damage Accident,7:48,2015-01-06,Tuesday,Y,Daylight,BRIGHTON,REAR END,MONROE,Straight and Level,Snow,Yield Sign,Wet,Other Motor Vehicle Collision With,2,6,1,8
1280,2015,Property Damage Accident,14:16,2015-01-06,Tuesday,Y,Daylight,BRIGHTON,REAR END,MONROE,Curve and Grade,Clear,Yield Sign,Wet,Other Motor Vehicle Collision With,2,6,1,15
1281,2015,Property Damage Accident,16:46,2015-01-06,Tuesday,Y,Daylight,BRIGHTON,REAR END,MONROE,Straight and Level,Clear,None,Dry,Other Motor Vehicle Collision With,2,6,1,17
1282,2015,Property Damage Accident,13:15,2015-01-06,Tuesday,Y,Daylight,WATERFORD,OTHER,SARATOGA,Straight and Level,Snow,Stop Sign,Snow/Ice,Other Motor Vehicle Collision With,3,6,1,14
1283,2015,Property Damage Accident,14:31,2015-01-03,Saturday,Y,Daylight,PHILLIPSTOWN,OTHER,PUTNAM,Straight and Grade,Snow,No Passing Zone,Snow/Ice,Tree Collision With Fixed Object,1,3,1,15
1284,2015,Property Damage Accident,15:37,2015-01-03,Saturday,Y,Daylight,PUTNAM VALLEY,HEAD ON,PUTNAM,Curve and Grade,Snow,No Passing Zone,Snow/Ice,Other Motor Vehicle Collision With,2,3,1,16
1285,2015,Property Damage Accident,9:24,2015-01-04,Sunday,Y,Daylight,POUGHKEEPSIE,REAR END,DUTCHESS,Straight and Level,Rain,None,Slush,Other Motor Vehicle Collision With,2,4,1,10
1286,2015,Injury Accident,13:45,2015-01-03,Saturday,Y,Daylight,POUGHKEEPSIE,OTHER,DUTCHESS,Straight and Level,Snow,None,Snow/Ice,Other Motor Vehicle Collision With,3,3,1,14
1287,2015,Property Damage Accident,17:59,2015-01-06,Tuesday,Y,Dark-Road Lighted,ROTTERDAM,LEFT TURN (3),SCHENECTADY,Curve and Grade,Cloudy,None,Wet,Other Motor Vehicle Collision With,2,6,1,18
1288,2015,Property Damage Accident,15:56,2015-01-03,Saturday,Y,Daylight,RENSSELAER,OVERTAKING,RENSSELAER,Straight and Level,Snow,Stop Sign,Snow/Ice,Other Motor Vehicle Collision With,2,3,1,16
1289,2015,Property Damage Accident,10:06,2015-01-06,Tuesday,Y,Daylight,ROTTERDAM,REAR END,SCHENECTADY,Straight and Level,Cloudy,Other,Snow/Ice,Other Motor Vehicle Collision With,2,6,1,11
1290,2015,Property Damage Accident,21:50,2015-01-03,Saturday,Y,Dark-Road Unlighted,PUTNAM VALLEY,OTHER,PUTNAM,Curve and Level,Rain,None,Snow/Ice,Building/Wall Collision With Fixed Object,1,3,1,22
1291,2015,Property Damage Accident,17:55,2015-01-03,Saturday,Y,Dark-Road Lighted,RENSSELAER,RIGHT ANGLE,RENSSELAER,Straight and Level,Snow,None,Snow/Ice,Other Motor Vehicle Collision With,2,3,1,18
1292,2015,Injury Accident,8:50,2015-01-05,Monday,Y,Daylight,POUGHKEEPSIE,REAR END,DUTCHESS,Straight and Level,Clear,None,Dry,Other Motor Vehicle Collision With,2,5,1,9
1293,2015,Property Damage Accident,19:30,2015-01-03,Saturday,Y,Dark-Road Unlighted,PATTERSON,OTHER,PUTNAM,Curve and Grade,Rain,None,Snow/Ice,Light Support/Utility Pole Collision With Fixed Object,1,3,1,20
1294,2015,Injury Accident,15:17,2015-01-03,Saturday,Y,Daylight,SCHODACK,OTHER,RENSSELAER,Straight and Level,Snow,Flashing Light,Snow/Ice,Guide Rail - End Collision With Fixed Object,1,3,1,16
1295,2015,Property Damage Accident,15:51,2015-01-03,Saturday,Y,Daylight,SCHODACK,SIDESWIPE,RENSSELAER,Curve and Grade,Snow,None,Snow/Ice,Other Motor Vehicle Collision With,2,3,1,16
1296,2015,Injury Accident,19:25,2015-01-06,Tuesday,Y,Dark-Road Lighted,TROY,RIGHT ANGLE,RENSSELAER,Straight and Level,Clear,Stop Sign,Wet,Other Motor Vehicle Collision With,2,6,1,20
1297,2015,Property Damage Accident,16:57,2015-01-05,Monday,Y,Dusk,PATTERSON,LEFT TURN (0),PUTNAM,Straight and Level,Clear,Stop Sign,Dry,Other Motor Vehicle Collision With,2,5,1,17
1298,2015,Property Damage Accident,16:11,2015-01-05,Monday,Y,Daylight,SOUTHEAST,REAR END,PUTNAM,Straight and Level,Clear,Traffic Signal,Dry,Other Motor Vehicle Collision With,2,5,1,17
1299,2015,Property Damage & Injury Accident,20:42,2015-01-02,Friday,Y,Dark-Road Unlighted,PUTNAM VALLEY,OTHER,PUTNAM,Straight and Level,Clear,No Passing Zone,Dry,Other Motor Vehicle Collision With,3,2,1,21
1300,2015,Property Damage Accident,18:08,2015-01-02,Friday,Y,Dark-Road Lighted,,REAR END,SUFFOLK,Straight and Level,Clear,Traffic Signal,Dry,Other Motor Vehicle Collision With,2,2,1,19
1301,2015,Property Damage Accident,14:00,2015-01-05,Monday,Y,Daylight,RHINEBECK,RIGHT ANGLE,DUTCHESS,Straight and Level,Clear,None,Dry,Other Motor Vehicle Collision With,2,5,1,15
1302,2015,Property Damage Accident,17:20,2015-01-05,Monday,Y,Dark-Road Lighted,MARLBOROUGH,OTHER,ULSTER,Straight and Level,Clear,None,Dry,Deer,1,5,1,18
1303,2015,Property Damage & Injury Accident,11:00,2015-01-04,Sunday,Y,Daylight,MARLBOROUGH,OTHER,ULSTER,Curve and Grade,Snow,None,Snow/Ice,Tree Collision With Fixed Object,1,4,1,12
1304,2015,Property Damage & Injury Accident,14:53,2015-01-01,Thursday,Y,Daylight,SOUTHAMPTON,OTHER,SUFFOLK,Straight and Level,Clear,None,Dry,Light Support/Utility Pole Collision With Fixed Object,1,1,1,15
1305,2015,Property Damage Accident,16:58,2015-01-06,Tuesday,Y,Dark-Road Lighted,NISKAYUNA,OVERTAKING,SCHENECTADY,Straight and Grade,Clear,None,Wet,Other Motor Vehicle Collision With,2,6,1,17
1306,2015,Property Damage Accident,13:04,2015-01-06,Tuesday,Y,Daylight,SARANAC LAKE,REAR END,FRANKLIN,Straight and Level,Cloudy,Traffic Signal,Wet,Other Motor Vehicle Collision With,2,6,1,14
1307,2015,Property Damage Accident,0:36,2015-01-06,Tuesday,Y,Dark-Road Lighted,WATERTOWN,OTHER,JEFFERSON,Straight and Level,Clear,None,Dry,Light Support/Utility Pole Collision With Fixed Object,1,6,1,1
1308,2015,Injury Accident,8:40,2015-01-04,Sunday,Y,Daylight,WARWICK,OTHER,ORANGE,Curve and Grade,Rain,No Passing Zone,Snow/Ice,Tree Collision With Fixed Object,1,4,1,9
1309,2015,Property Damage & Injury Accident,7:15,2015-01-04,Sunday,Y,Daylight,WARWICK,OTHER,ORANGE,Straight and Grade,Sleet/Hail/Freezing Rain,None,Snow/Ice,Earth Embankment/Rock Cut/Ditch Collision With Fixed Object,1,4,1,8
1310,2015,Property Damage Accident,12:05,2015-01-02,Friday,Y,Daylight,WARWICK,OTHER,ORANGE,Curve and Level,Clear,None,Dry,Other* Non-Collision,1,2,1,13
1311,2015,Property Damage Accident,15:56,2015-01-02,Friday,Y,Daylight,WARWICK,REAR END,ORANGE,Curve and Grade,Clear,No Passing Zone,Dry,Other Motor Vehicle Collision With,2,2,1,16
1312,2015,Property Damage Accident,14:55,2015-01-03,Saturday,Y,Daylight,WARWICK,REAR END,ORANGE,Curve and Grade,Snow,No Passing Zone,Snow/Ice,Other Motor Vehicle Collision With,2,3,1,15
1313,2015,Property Damage Accident,15:11,2015-01-02,Friday,Y,Daylight,BATAVIA,LEFT TURN (3),GENESEE,Straight and Level,Clear,None,Dry,Other Motor Vehicle Collision With,2,2,1,16
1314,2015,Property Damage Accident,15:08,2015-01-03,Saturday,Y,Daylight,NEW SCOTLAND,OTHER,ALBANY,Curve and Grade,Snow,None,Snow/Ice,Sign Post Collision With Fixed Object,1,3,1,16
1315,2015,Property Damage Accident,14:36,2015-01-03,Saturday,Y,Daylight,NEW SCOTLAND,RIGHT ANGLE,ALBANY,Straight and Grade,Snow,Stop Sign,Snow/Ice,Other Motor Vehicle Collision With,2,3,1,15
1316,2015,Injury Accident,10:00,2015-01-03,Saturday,Y,Daylight,NORTH HARMONY,OTHER,CHAUTAUQUA,Curve and Level,Sleet/Hail/Freezing Rain,None,Snow/Ice,Earth Embankment/Rock Cut/Ditch Collision With Fixed Object,1,3,1,11
1317,2015,Property Damage & Injury Accident,12:31,2015-01-01,Thursday,Y,Daylight,BATAVIA,RIGHT ANGLE,GENESEE,Straight and Level,Cloudy,Stop Sign,Wet,Other Motor Vehicle Collision With,2,1,1,13
1318,2015,Property Damage Accident,1:56,2015-01-01,Thursday,Y,Dark-Road Lighted,CANANDAIGUA,OTHER,ONTARIO,Straight and Level,Cloudy,Traffic Signal,Wet,Curbing Collision With Fixed Object,1,1,1,2
1319,2015,Property Damage Accident,14:34,2015-01-03,Saturday,Y,Daylight,CAYUGA HEIGHTS,HEAD ON,TOMPKINS,Curve and Grade,Sleet/Hail/Freezing Rain,No Passing Zone,Slush,Other Motor Vehicle Collision With,2,3,1,15
1320,2015,Property Damage Accident,7:48,2015-01-04,Sunday,Y,Dawn,BEEKMAN,OTHER,DUTCHESS,Curve and Grade,Rain,None,Slush,Tree Collision With Fixed Object,1,4,1,8
1321,2015,Property Damage & Injury Accident,19:13,2015-01-06,Tuesday,Y,Dark-Road Lighted,CLARKSTOWN,REAR END,ROCKLAND,Straight and Grade,Snow,Traffic Signal,Wet,Other Motor Vehicle Collision With,2,6,1,20
1322,2015,Property Damage Accident,11:20,2015-01-03,Saturday,Y,Daylight,FRENCH CREEK,OTHER,CHAUTAUQUA,Curve and Level,Sleet/Hail/Freezing Rain,None,Snow/Ice,Overturned Non-Collision,1,3,1,12
1323,2015,Property Damage & Injury Accident,13:44,2015-01-03,Saturday,Y,Daylight,LA GRANGE,HEAD ON,DUTCHESS,Curve and Level,Snow,No Passing Zone,Snow/Ice,Other Motor Vehicle Collision With,2,3,1,14
1324,2015,Property Damage Accident,21:14,2015-01-06,Tuesday,Y,Dark-Road Lighted,CLARKSTOWN,OTHER,ROCKLAND,Straight and Level,Clear,None,Dry,Tree Collision With Fixed Object,1,6,1,22
1325,2015,Property Damage Accident,8:10,2015-01-05,Monday,Y,Daylight,CARROLL,OTHER,CHAUTAUQUA,Curve and Level,Snow,None,Snow/Ice,Deer,1,5,1,9
1326,2015,Property Damage Accident,14:05,2015-01-03,Saturday,Y,Daylight,LA GRANGE,REAR END,DUTCHESS,Straight and Level,Snow,No Passing Zone,Snow/Ice,Other Motor Vehicle Collision With,2,3,1,15
1327,2015,Property Damage Accident,20:45,2015-01-05,Monday,Y,Dark-Road Unlighted,RIPLEY,OTHER,CHAUTAUQUA,Straight and Level,Snow,None,Snow/Ice,Tree Collision With Fixed Object,1,5,1,21
1328,2015,Property Damage Accident,17:32,2015-01-05,Monday,Y,Dark-Road Unlighted,PLEASANT VALLEY,REAR END,DUTCHESS,Curve and Grade,Clear,Stop Sign,Dry,Other Motor Vehicle Collision With,2,5,1,18
1329,2015,Property Damage & Injury Accident,14:06,2015-01-03,Saturday,Y,Daylight,MILAN,OTHER,DUTCHESS,Curve and Level,Snow,None,Snow/Ice,Earth Embankment/Rock Cut/Ditch Collision With Fixed Object,1,3,1,15
1330,2015,Property Damage Accident,15:00,2015-01-03,Saturday,Y,Daylight,PINE PLAINS,RIGHT ANGLE,DUTCHESS,Curve and Grade,Snow,No Passing Zone,Snow/Ice,Other Motor Vehicle Collision With,2,3,1,16
1331,2015,Property Damage Accident,15:40,2015-01-06,Tuesday,Y,Daylight,DUNKIRK,REAR END,CHAUTAUQUA,Straight and Level,Snow,None,Snow/Ice,Other Motor Vehicle Collision With,2,6,1,16
1332,2015,Property Damage Accident,18:33,2015-01-06,Tuesday,Y,Dark-Road Lighted,CLARKSTOWN,REAR END,ROCKLAND,Straight and Level,Clear,None,Wet,Other Motor Vehicle Collision With,2,6,1,19
1333,2015,Property Damage Accident,16:23,2015-01-06,Tuesday,Y,Daylight,CLARKSTOWN,REAR END,ROCKLAND,Straight and Level,Snow,Traffic Signal,Wet,Other Motor Vehicle Collision With,2,6,1,17
1334,2015,Property Damage Accident,8:44,2015-01-06,Tuesday,Y,Daylight,ALFRED,OTHER,ALLEGANY,Curve and Level,Snow,None,Snow/Ice,Barrier Collision With Fixed Object,1,6,1,9
1335,2015,Property Damage Accident,22:10,2015-01-05,Monday,Y,Dark-Road Unlighted,BATAVIA,OTHER,GENESEE,Straight and Level,Clear,None,Dry,Deer,1,5,1,23
1336,2015,Property Damage Accident,6:20,2015-01-15,Thursday,Y,Dawn,SAND LAKE,OTHER,RENSSELAER,Curve and Grade,Cloudy,No Passing Zone,Dry,Deer,1,15,1,7
1337,2015,Property Damage Accident,21:02,2015-01-03,Saturday,Y,Dark-Road Unlighted,GLENVILLE,OTHER,SCHENECTADY,Straight and Grade,Sleet/Hail/Freezing Rain,No Passing Zone,Snow/Ice,Culver/Head Wall Collision With Fixed Object,1,3,1,22
1338,2015,Property Damage Accident,0:54,2015-01-04,Sunday,Y,Dark-Road Unlighted,GLENVILLE,OTHER,SCHENECTADY,Curve and Level,Sleet/Hail/Freezing Rain,None,Snow/Ice,Guide Rail - Not At End Collision With Fixed Object,1,4,1,1
1339,2015,Property Damage & Injury Accident,17:19,2015-01-05,Monday,Y,Dark-Road Lighted,GLENVILLE,REAR END,SCHENECTADY,Straight and Level,Clear,None,Dry,Other Motor Vehicle Collision With,2,5,1,18
1340,2015,Property Damage Accident,7:02,2015-01-02,Friday,Y,Daylight,GLENVILLE,OTHER,SCHENECTADY,Straight and Level,Cloudy,None,Dry,Animal Collision With,1,2,1,8
1341,2015,Injury Accident,11:49,2015-01-04,Sunday,Y,Daylight,GLENVILLE,OTHER,SCHENECTADY,Curve and Level,Cloudy,None,Snow/Ice,Earth Embankment/Rock Cut/Ditch Collision With Fixed Object,1,4,1,12
1342,2015,Property Damage Accident,17:25,2015-01-05,Monday,Y,Dark-Road Unlighted,JOHNSTOWN,OTHER,FULTON,Straight and Level,Snow,None,Snow/Ice,Snow Embankment Collision With Fixed Object,1,5,1,18
1343,2015,Property Damage Accident,18:33,2015-01-05,Monday,Y,Dark-Road Unlighted,ALABAMA,OTHER,GENESEE,Straight and Grade,Clear,None,Dry,Deer,1,5,1,19
1344,2015,Property Damage & Injury Accident,12:53,2015-01-01,Thursday,Y,Daylight,ALABAMA,OTHER,GENESEE,Straight and Level,Snow,No Passing Zone,Snow/Ice,Light Support/Utility Pole Collision With Fixed Object,1,1,1,13
1345,2015,Property Damage Accident,8:42,2015-01-01,Thursday,Y,Daylight,STAFFORD,OTHER,GENESEE,Straight and Level,Clear,None,Snow/Ice,Other Fixed Object* Collision With Fixed Object,1,1,1,9
1346,2015,Property Damage Accident,12:30,2015-01-05,Monday,Y,Daylight,STAFFORD,OTHER,GENESEE,Straight and Level,Cloudy,None,Dry,Deer,1,5,1,13
1347,2015,Property Damage Accident,19:22,2015-01-05,Monday,Y,Dark-Road Unlighted,BATAVIA,OTHER,GENESEE,Straight and Grade,Cloudy,None,Dry,Deer,1,5,1,20
1348,2015,Property Damage Accident,18:08,2015-01-02,Friday,Y,Dark-Road Lighted,FULTON,RIGHT ANGLE,OSWEGO,Straight and Level,Snow,Stop Sign,Snow/Ice,Other Motor Vehicle Collision With,2,2,1,19
1349,2015,Property Damage Accident,15:44,2015-01-03,Saturday,Y,Daylight,FULTON,RIGHT ANGLE,OSWEGO,Straight and Level,Snow,Traffic Signal,Snow/Ice,Other Motor Vehicle Collision With,2,3,1,16
1350,2015,Property Damage Accident,23:55,2015-01-06,Tuesday,Y,Dark-Road Unlighted,BROWNVILLE,OTHER,JEFFERSON,Straight and Grade,Clear,None,Dry,Animal Collision With,1,6,1,24
1351,2015,Property Damage Accident,15:36,2015-01-01,Thursday,Y,Daylight,THERESA,OTHER,JEFFERSON,Straight and Grade,Snow,None,Snow/Ice,Light Support/Utility Pole Collision With Fixed Object,1,1,1,16
1352,2015,Property Damage Accident,7:10,2015-01-05,Monday,Y,Daylight,CAROGA,OTHER,FULTON,Straight and Grade,Snow,No Passing Zone,Snow/Ice,Deer,1,5,1,8
1353,2015,Property Damage Accident,9:01,2015-01-05,Monday,Y,Daylight,CAROGA,REAR END,FULTON,Straight and Level,Snow,None,Snow/Ice,Other Motor Vehicle Collision With,2,5,1,10
1354,2015,Property Damage Accident,8:03,2015-01-05,Monday,Y,Daylight,JOHNSTOWN,OTHER,FULTON,Straight and Level,Clear,None,Snow/Ice,Animal Collision With,1,5,1,9
1355,2015,Property Damage & Injury Accident,15:03,2015-01-05,Monday,Y,Daylight,DURHAM,OTHER,GREENE,Straight and Level,Cloudy,None,Dry,Light Support/Utility Pole Collision With Fixed Object,1,5,1,16
1356,2015,Property Damage Accident,18:03,2015-01-05,Monday,Y,Dark-Road Lighted,ORANGETOWN,REAR END,ROCKLAND,Straight and Level,Clear,None,Dry,Other Motor Vehicle Collision With,2,5,1,19
1357,2015,Property Damage & Injury Accident,12:28,2015-01-05,Monday,Y,Daylight,NIAGARA FALLS,RIGHT ANGLE,NIAGARA,Straight and Level,Cloudy,Traffic Signal,Dry,Other Motor Vehicle Collision With,2,5,1,13
1358,2015,Property Damage Accident,15:30,2015-01-03,Saturday,Y,Daylight,GEDDES,OTHER,ONONDAGA,Curve and Level,Sleet/Hail/Freezing Rain,None,Snow/Ice,Median - Not At End Collision With Fixed Object,1,3,1,16
1359,2015,Property Damage Accident,22:10,2015-01-03,Saturday,Y,Dark-Road Lighted,SALINA,OTHER,ONONDAGA,Straight and Level,Sleet/Hail/Freezing Rain,None,Snow/Ice,Light Support/Utility Pole Collision With Fixed Object,1,3,1,23
1360,2015,Property Damage Accident,17:55,2015-01-03,Saturday,Y,Dark-Road Unlighted,GEDDES,OTHER,ONONDAGA,Straight and Level,Sleet/Hail/Freezing Rain,None,Wet,Fence Collision With Fixed Object,1,3,1,18
1361,2015,Property Damage Accident,17:15,2015-01-03,Saturday,Y,Dark-Road Lighted,CLAY,REAR END,ONONDAGA,Straight and Level,Rain,Traffic Signal,Slush,Other Motor Vehicle Collision With,2,3,1,18
1362,2015,Injury Accident,19:47,2015-01-03,Saturday,Y,Dark-Road Unlighted,CLAY,OTHER,ONONDAGA,Straight and Level,Sleet/Hail/Freezing Rain,None,Snow/Ice,Earth Embankment/Rock Cut/Ditch Collision With Fixed Object,1,3,1,20
1363,2015,Property Damage & Injury Accident,18:21,2015-01-03,Saturday,Y,Dark-Road Unlighted,GEDDES,OTHER,ONONDAGA,Straight and Level,Sleet/Hail/Freezing Rain,None,Snow/Ice,Guide Rail - End Collision With Fixed Object,1,3,1,19
1364,2015,Property Damage Accident,20:43,2015-01-03,Saturday,Y,Dark-Road Unlighted,CICERO,OTHER,ONONDAGA,Straight and Level,Sleet/Hail/Freezing Rain,None,Snow/Ice,Light Support/Utility Pole Collision With Fixed Object,1,3,1,21
1365,2015,Property Damage Accident,19:45,2015-01-03,Saturday,Y,Dark-Road Unlighted,CICERO,OTHER,ONONDAGA,Straight and Level,Sleet/Hail/Freezing Rain,None,Snow/Ice,Sign Post Collision With Fixed Object,1,3,1,20
1366,2015,Property Damage Accident,8:00,2015-01-03,Saturday,Y,Daylight,SYRACUSE,RIGHT ANGLE,ONONDAGA,Straight and Level,Cloudy,Traffic Signal,Wet,Other Motor Vehicle Collision With,2,3,1,9
1367,2015,Property Damage Accident,4:30,2015-01-03,Saturday,Y,Dark-Road Lighted,SYRACUSE,REAR END,ONONDAGA,Straight and Level,Cloudy,None,Dry,Other Motor Vehicle Collision With,2,3,1,5
1368,2015,Injury Accident,12:43,2015-01-03,Saturday,Y,Daylight,SYRACUSE,REAR END,ONONDAGA,Straight and Level,Sleet/Hail/Freezing Rain,Traffic Signal,Wet,Other Motor Vehicle Collision With,2,3,1,13
1369,2015,Property Damage Accident,7:50,2015-01-03,Saturday,Y,Daylight,,RIGHT ANGLE,ONONDAGA,Straight and Level,Cloudy,None,Snow/Ice,Other Motor Vehicle Collision With,2,3,1,8
1370,2015,Injury Accident,16:01,2015-01-03,Saturday,Y,Dusk,CAMILLUS,OTHER,ONONDAGA,Curve and Grade,Sleet/Hail/Freezing Rain,None,Snow/Ice,Earth Embankment/Rock Cut/Ditch Collision With Fixed Object,1,3,1,17
1371,2015,Property Damage Accident,9:44,2015-01-03,Saturday,Y,Daylight,CAMILLUS,RIGHT ANGLE,ONONDAGA,Straight and Grade,Cloudy,None,Wet,Other Motor Vehicle Collision With,2,3,1,10
1372,2015,Property Damage & Injury Accident,11:35,2015-01-03,Saturday,Y,Daylight,,RIGHT ANGLE,ONONDAGA,Straight and Level,Cloudy,None,Wet,Other Motor Vehicle Collision With,2,3,1,12
1373,2015,Property Damage Accident,20:41,2015-01-03,Saturday,Y,Dark-Road Unlighted,CICERO,OTHER,ONONDAGA,Straight and Level,Sleet/Hail/Freezing Rain,None,Snow/Ice,Ran Off Roadway Only Non-Collision,1,3,1,21
1374,2015,Injury Accident,16:37,2015-01-03,Saturday,Y,Daylight,CICERO,OTHER,ONONDAGA,Straight and Level,Sleet/Hail/Freezing Rain,None,Snow/Ice,Earth Embankment/Rock Cut/Ditch Collision With Fixed Object,1,3,1,17