id,Year,Crash Descriptor,Time,Date,Day of Week,Police Report,Lighting Conditions,Municipality,Collision Type Descriptor,County Name,Road Descriptor,Weather Conditions,Traffic Control Device,Road Surface Conditions,Event Descriptor,Number of Vehicles Involved,day,month,hour
1375,2015,Property Damage Accident,20:40,2015-01-03,Saturday,Y,Dark-Road Unlighted,SKANEATELES,OTHER,ONONDAGA,Straight at Hill Crest,Sleet/Hail/Freezing Rain,None,Snow/Ice,Earth Embankment/Rock Cut/Ditch Collision With Fixed Object,1,3,1,21
1376,2015,Property Damage Accident,19:05,2015-01-03,Saturday,Y,Dark-Road Unlighted,DEWITT,OTHER,ONONDAGA,Straight and Grade,Rain,None,Slush,Other Fixed Object* Collision With Fixed Object,1,3,1,20
1377,2015,Property Damage Accident,21:17,2015-01-03,Saturday,Y,Dark-Road Unlighted,DEWITT,OTHER,ONONDAGA,Straight and Level,Rain,None,Snow/Ice,Earth Embankment/Rock Cut/Ditch Collision With Fixed Object,1,3,1,22
1378,2015,Property Damage Accident,15:25,2015-01-03,Saturday,Y,Daylight,GEDDES,OTHER,ONONDAGA,Curve and Grade,Sleet/Hail/Freezing Rain,None,Snow/Ice,Guide Rail - Not At End Collision With Fixed Object,1,3,1,16
1379,2015,Property Damage Accident,12:00,2015-01-03,Saturday,Y,Daylight,DEWITT,OVERTAKING,ONONDAGA,Straight and Level,Cloudy,None,Wet,Other Motor Vehicle Collision With,2,3,1,13
1380,2015,Property Damage Accident,16:56,2015-01-03,Saturday,Y,Dark-Road Unlighted,GEDDES,OTHER,ONONDAGA,Straight and Level,Sleet/Hail/Freezing Rain,None,Snow/Ice,Guide Rail - Not At End Collision With Fixed Object,1,3,1,17
1381,2015,Property Damage Accident,17:40,2015-01-03,Saturday,Y,Dark-Road Unlighted,GEDDES,OTHER,ONONDAGA,Straight and Level,Sleet/Hail/Freezing Rain,None,Snow/Ice,Guide Rail - Not At End Collision With Fixed Object,1,3,1,18
1382,2015,Injury Accident,21:30,2015-01-03,Saturday,Y,Dark-Road Lighted,SYRACUSE,OVERTAKING,ONONDAGA,Straight and Grade,Rain,None,Wet,Other Motor Vehicle Collision With,2,3,1,22
1383,2015,Property Damage Accident,7:00,2015-01-03,Saturday,Y,Daylight,SYRACUSE,OVERTAKING,ONONDAGA,Straight and Level,Clear,None,Dry,Other Motor Vehicle Collision With,2,3,1,8
1384,2015,Property Damage Accident,15:11,2015-01-03,Saturday,Y,Daylight,SYRACUSE,OVERTAKING,ONONDAGA,Straight and Grade,Sleet/Hail/Freezing Rain,Yield Sign,Snow/Ice,Other Motor Vehicle Collision With,2,3,1,16
1385,2015,Property Damage Accident,16:22,2015-01-02,Friday,Y,Daylight,VESTAL,RIGHT ANGLE,BROOME,Straight and Level,Cloudy,Stop Sign,Wet,Other Motor Vehicle Collision With,2,2,1,17
1386,2015,Property Damage Accident,13:51,2015-01-05,Monday,Y,Daylight,WAVERLY,LEFT TURN (3),TIOGA,Straight and Level,Cloudy,Stop Sign,Dry,Other Motor Vehicle Collision With,2,5,1,14
1387,2015,Property Damage Accident,16:58,2015-01-06,Tuesday,Y,Dusk,VESTAL,OVERTAKING,BROOME,Straight and Level,Cloudy,None,Wet,Other Motor Vehicle Collision With,2,6,1,17
1388,2015,Property Damage Accident,16:22,2015-01-03,Saturday,Y,Dusk,VESTAL,OTHER,BROOME,Straight and Grade,Rain,No Passing Zone,Snow/Ice,Guide Rail - Not At End Collision With Fixed Object,1,3,1,17
1389,2015,Property Damage Accident,18:17,2015-01-06,Tuesday,Y,Dark-Road Lighted,VESTAL,OTHER,BROOME,Straight and Level,Cloudy,Traffic Signal,Wet,Other Motor Vehicle Collision With,3,6,1,19
1390,2015,Property Damage Accident,1:51,2015-01-04,Sunday,Y,Dark-Road Unlighted,VESTAL,OTHER,BROOME,Curve and Grade,Rain,None,Wet,Median - Not At End Collision With Fixed Object,1,4,1,2
1391,2015,Property Damage Accident,16:00,2015-01-03,Saturday,Y,Dusk,MANCHESTER,RIGHT ANGLE,ONTARIO,Straight and Level,Sleet/Hail/Freezing Rain,Stop Sign,Snow/Ice,Other Motor Vehicle Collision With,2,3,1,17
1392,2015,Property Damage Accident,14:23,2015-01-03,Saturday,Y,Daylight,FARMINGTON,RIGHT ANGLE,ONTARIO,Straight and Level,Sleet/Hail/Freezing Rain,Traffic Signal,Snow/Ice,Other Motor Vehicle Collision With,2,3,1,15
1393,2015,Property Damage Accident,14:51,2015-01-03,Saturday,Y,Daylight,VICTOR,OVERTAKING,ONTARIO,Straight and Level,Sleet/Hail/Freezing Rain,None,Snow/Ice,Other Motor Vehicle Collision With,2,3,1,15
1394,2015,Property Damage Accident,17:20,2015-01-03,Saturday,Y,Dark-Road Lighted,PHELPS,OTHER,ONTARIO,Straight and Level,Sleet/Hail/Freezing Rain,No Passing Zone,Slush,Deer,1,3,1,18
1395,2015,Property Damage Accident,16:24,2015-01-03,Saturday,Y,Dusk,SOUTH BRISTOL,OTHER,ONTARIO,Straight and Grade,Sleet/Hail/Freezing Rain,None,Snow/Ice,Deer,1,3,1,17
1396,2015,Property Damage & Injury Accident,16:55,2015-01-03,Saturday,Y,Dark-Road Unlighted,CANADICE,OTHER,ONTARIO,Straight and Grade,Sleet/Hail/Freezing Rain,None,Snow/Ice,Earth Embankment/Rock Cut/Ditch Collision With Fixed Object,1,3,1,17
1397,2015,Property Damage Accident,13:45,2015-01-03,Saturday,Y,Daylight,FARMINGTON,REAR END,ONTARIO,Straight and Level,Rain,None,Wet,Other Motor Vehicle Collision With,2,3,1,14
1398,2015,Property Damage Accident,13:12,2015-01-03,Saturday,Y,Daylight,VICTOR,OTHER,ONTARIO,Straight and Level,Sleet/Hail/Freezing Rain,No Passing Zone,Wet,Tree Collision With Fixed Object,1,3,1,14
1399,2015,Property Damage Accident,16:57,2015-01-03,Saturday,Y,Dark-Road Unlighted,MANCHESTER,OTHER,ONTARIO,Curve and Level,Sleet/Hail/Freezing Rain,None,Snow/Ice,Fence Collision With Fixed Object,1,3,1,17
1400,2015,Property Damage Accident,13:09,2015-01-03,Saturday,Y,Daylight,VICTOR,OTHER,ONTARIO,Straight and Grade,Sleet/Hail/Freezing Rain,None,Snow/Ice,Guide Rail - Not At End Collision With Fixed Object,1,3,1,14
1401,2015,Property Damage Accident,10:37,2015-01-06,Tuesday,Y,Daylight,DUNDEE,REAR END,YATES,Straight and Level,Snow,Stop Sign,Snow/Ice,Other Motor Vehicle Collision With,2,6,1,11
1402,2015,Property Damage & Injury Accident,19:18,2015-01-01,Thursday,Y,Dark-Road Unlighted,HORSEHEADS,OTHER,CHEMUNG,Straight and Level,Cloudy,None,Dry,Guide Rail - Not At End Collision With Fixed Object,1,1,1,20
1403,2015,Property Damage & Injury Accident,17:58,2015-01-05,Monday,Y,Dark-Road Lighted,ELMIRA,RIGHT ANGLE,CHEMUNG,Straight and Level,Clear,None,Dry,Other Motor Vehicle Collision With,2,5,1,18
1404,2015,Property Damage & Injury Accident,10:20,2015-01-05,Monday,Y,Daylight,LIBERTY,SIDESWIPE,SULLIVAN,Straight and Level,Clear,No Passing Zone,Dry,Other Motor Vehicle Collision With,2,5,1,11
1405,2015,Property Damage Accident,10:20,2015-01-06,Tuesday,Y,Daylight,LYNBROOK,RIGHT ANGLE,NASSAU,Straight and Level,Snow,Stop Sign,Snow/Ice,Other Motor Vehicle Collision With,2,6,1,11
1406,2015,Property Damage & Injury Accident,13:31,2015-01-03,Saturday,Y,Daylight,,HEAD ON,ORANGE,Straight and Level,Snow,No Passing Zone,Snow/Ice,Other Motor Vehicle Collision With,2,3,1,14
1407,2015,Property Damage Accident,9:34,2015-01-06,Tuesday,Y,Daylight,LYNBROOK,REAR END,NASSAU,Straight and Level,Snow,None,Snow/Ice,Other Motor Vehicle Collision With,2,6,1,10
1408,2015,Property Damage & Injury Accident,16:30,2015-01-05,Monday,Y,Daylight,TONAWANDA,RIGHT ANGLE,ERIE,Straight and Level,Clear,Stop Sign,Snow/Ice,Other Motor Vehicle Collision With,2,5,1,17
1409,2015,Property Damage & Injury Accident,8:40,2015-01-06,Tuesday,Y,Daylight,TONAWANDA,REAR END,ERIE,Straight and Level,Cloudy,Traffic Signal,Wet,Other Motor Vehicle Collision With,2,6,1,9
1410,2015,Property Damage Accident,8:40,2015-01-05,Monday,Y,Daylight,BOSTON,LEFT TURN (3),ERIE,Straight and Level,Snow,None,Snow/Ice,Other Motor Vehicle Collision With,2,5,1,9
1411,2015,Property Damage Accident,16:50,2015-01-05,Monday,Y,Dusk,CONCORD,OTHER,ERIE,Straight and Grade,Snow,None,Snow/Ice,Earth Embankment/Rock Cut/Ditch Collision With Fixed Object,1,5,1,17
1412,2015,Property Damage Accident,21:36,2015-01-03,Saturday,Y,Dark-Road Unlighted,NEWSTEAD,OTHER,ERIE,Curve and Level,Rain,None,Wet,Other Fixed Object* Collision With Fixed Object,1,3,1,22
1413,2015,Property Damage & Injury Accident,19:33,2015-01-03,Saturday,Y,Dark-Road Lighted,ALDEN,RIGHT ANGLE,ERIE,Straight and Level,Sleet/Hail/Freezing Rain,Stop Sign,Snow/Ice,Other Motor Vehicle Collision With,2,3,1,20
1414,2015,Injury Accident,17:15,2015-01-02,Friday,Y,Dark-Road Lighted,CLARENCE,REAR END,ERIE,Straight and Level,Clear,Stop Sign,Dry,Other Motor Vehicle Collision With,2,2,1,18
1415,2015,Property Damage & Injury Accident,1:14,2015-01-02,Friday,Y,Dark-Road Unlighted,SARDINIA,HEAD ON,ERIE,Straight and Grade,Snow,None,Snow/Ice,Other Motor Vehicle Collision With,2,2,1,2
1416,2015,Property Damage Accident,13:30,2015-01-03,Saturday,Y,Daylight,CLARENCE,OTHER,ERIE,Straight and Level,Rain,None,Snow/Ice,Earth Embankment/Rock Cut/Ditch Collision With Fixed Object,1,3,1,14
1417,2015,Property Damage Accident,13:11,2015-01-03,Saturday,Y,Daylight,GRAND ISLAND,OTHER,ERIE,Straight at Hill Crest,Sleet/Hail/Freezing Rain,None,Wet,Guide Rail - Not At End Collision With Fixed Object,1,3,1,14
1418,2015,Property Damage Accident,7:55,2015-01-02,Friday,Y,Daylight,CONCORD,OTHER,ERIE,Straight and Grade,Snow,No Passing Zone,Slush,Other Fixed Object* Collision With Fixed Object,1,2,1,8
1419,2015,Injury Accident,12:40,2015-01-05,Monday,Y,Daylight,CONCORD,OTHER,ERIE,Straight at Hill Crest,Snow,None,Snow/Ice,Tree Collision With Fixed Object,1,5,1,13
1420,2015,Property Damage & Injury Accident,11:30,2015-01-05,Monday,Y,Daylight,HOLLAND,RIGHT ANGLE,ERIE,Straight and Level,Snow,None,Snow/Ice,Other Motor Vehicle Collision With,2,5,1,12
1421,2015,Property Damage Accident,13:24,2015-01-06,Tuesday,Y,Daylight,WILLIAMSVILLE,REAR END,ERIE,Straight and Level,Cloudy,None,Wet,Other Motor Vehicle Collision With,2,6,1,14
1422,2015,Injury Accident,17:30,2015-01-06,Tuesday,Y,Dark-Road Unlighted,AMHERST,OTHER,ERIE,Straight and Level,Cloudy,None,Dry,Other Motor Vehicle Collision With,5,6,1,18
1423,2015,Property Damage Accident,17:41,2015-01-06,Tuesday,Y,Dark-Road Lighted,AMHERST,OTHER,ERIE,Straight and Level,Clear,None,Dry,Deer,1,6,1,18
1424,2015,Property Damage & Injury Accident,17:01,2015-01-06,Tuesday,Y,Dusk,AMHERST,OTHER,ERIE,Curve and Level,Clear,None,Dry,Fence Collision With Fixed Object,1,6,1,18
1425,2015,Property Damage & Injury Accident,14:46,2015-01-06,Tuesday,Y,Daylight,HAMBURG,RIGHT ANGLE,ERIE,Straight and Level,Cloudy,None,Snow/Ice,Other Motor Vehicle Collision With,2,6,1,15
1426,2015,Property Damage Accident,19:14,2015-01-05,Monday,Y,Dark-Road Lighted,TONAWANDA,REAR END,ERIE,Straight and Level,Clear,Traffic Signal,Dry,Other Motor Vehicle Collision With,2,5,1,20
1427,2015,Property Damage & Injury Accident,17:32,2015-01-06,Tuesday,Y,Dark-Road Lighted,TONAWANDA,RIGHT ANGLE,ERIE,Straight and Level,Clear,Stop Sign,Wet,Other Motor Vehicle Collision With,2,6,1,18
1428,2015,Property Damage Accident,13:37,2015-01-02,Friday,Y,Daylight,TONAWANDA,RIGHT ANGLE,ERIE,Straight and Level,Cloudy,Stop Sign,Dry,Other Motor Vehicle Collision With,2,2,1,14
1429,2015,Property Damage Accident,8:53,2015-01-06,Tuesday,Y,Daylight,AVON,OTHER,LIVINGSTON,Curve and Grade,Snow,None,Snow/Ice,Sign Post Collision With Fixed Object,1,6,1,9
1430,2015,Property Damage & Injury Accident,18:25,2015-01-05,Monday,Y,Dark-Road Unlighted,LIVONIA,OTHER,LIVINGSTON,Curve and Grade,Cloudy,None,Snow/Ice,Tree Collision With Fixed Object,1,5,1,19
1431,2015,Injury Accident,0:03,2015-01-06,Tuesday,Y,Dark-Road Unlighted,MT. MORRIS,OTHER,LIVINGSTON,Curve and Level,Snow,None,Snow/Ice,Earth Embankment/Rock Cut/Ditch Collision With Fixed Object,1,6,1,1
1432,2015,Property Damage & Injury Accident,9:27,2015-01-06,Tuesday,Y,Daylight,LIVONIA,RIGHT ANGLE,LIVINGSTON,Straight and Grade,Snow,None,Snow/Ice,Other Motor Vehicle Collision With,2,6,1,10
1433,2015,Property Damage Accident,20:20,2015-01-06,Tuesday,Y,Dark-Road Unlighted,MT. MORRIS,OTHER,LIVINGSTON,Straight and Level,Cloudy,None,Snow/Ice,Animal Collision With,1,6,1,21
1434,2015,Property Damage Accident,2:15,2015-01-06,Tuesday,Y,Dark-Road Unlighted,YORK,OTHER,LIVINGSTON,Straight and Level,Cloudy,None,Dry,Deer,1,6,1,3
1435,2015,Property Damage Accident,9:20,2015-01-06,Tuesday,Y,Daylight,CONESUS,RIGHT ANGLE,LIVINGSTON,Straight and Level,Snow,None,Snow/Ice,Other Motor Vehicle Collision With,2,6,1,10
1436,2015,Property Damage & Injury Accident,13:35,2015-01-05,Monday,Y,Daylight,ITHACA,OTHER,TOMPKINS,Straight and Level,Cloudy,Stop Sign,Dry,Other Motor Vehicle Collision With,3,5,1,14
1437,2015,Property Damage Accident,12:39,2015-01-05,Monday,Y,Daylight,VERNON,OTHER,ONEIDA,Straight and Level,Snow,None,Snow/Ice,Earth Embankment/Rock Cut/Ditch Collision With Fixed Object,1,5,1,13
1438,2015,Property Damage Accident,23:08,2015-01-05,Monday,Y,Dark-Road Unlighted,ROME,OTHER,ONEIDA,Curve and Grade,Snow,None,Snow/Ice,Sign Post Collision With Fixed Object,1,5,1,24
1439,2015,Property Damage & Injury Accident,15:24,2015-01-05,Monday,Y,Daylight,VERNON,OTHER,ONEIDA,Straight and Level,Snow,None,Snow/Ice,Earth Embankment/Rock Cut/Ditch Collision With Fixed Object,1,5,1,16
1440,2015,Property Damage Accident,7:35,2015-01-06,Tuesday,Y,Daylight,SANGERFIELD,OTHER,ONEIDA,Straight at Hill Crest,Cloudy,None,Snow/Ice,Earth Embankment/Rock Cut/Ditch Collision With Fixed Object,1,6,1,8
1441,2015,Property Damage Accident,17:15,2015-01-05,Monday,Y,Dark-Road Unlighted,PARIS,OTHER,ONEIDA,Straight and Grade,Snow,No Passing Zone,Snow/Ice,Sign Post Collision With Fixed Object,1,5,1,18
1442,2015,Property Damage Accident,8:53,2015-01-05,Monday,Y,Daylight,TRENTON,LEFT TURN (3),ONEIDA,Straight and Grade,Snow,None,Snow/Ice,Other Motor Vehicle Collision With,2,5,1,9
1443,2015,Property Damage Accident,19:50,2015-01-01,Thursday,Y,Dark-Road Unlighted,WALTON,OTHER,DELAWARE,Straight and Level,Clear,None,Dry,Deer,1,1,1,20
1444,2015,Property Damage Accident,18:23,2015-01-05,Monday,Y,Dark-Road Lighted,PENN YAN,REAR END,YATES,Straight and Level,Cloudy,Traffic Signal,Snow/Ice,Other Motor Vehicle Collision With,2,5,1,19
1445,2015,Property Damage Accident,17:00,2015-01-05,Monday,Y,Dusk,HARTWICK,OTHER,OTSEGO,Straight and Level,Cloudy,None,Wet,Deer,1,5,1,18
1446,2015,Property Damage & Injury Accident,14:45,2015-01-03,Saturday,Y,Daylight,SPRINGFIELD,OTHER,OTSEGO,Curve and Level,Sleet/Hail/Freezing Rain,No Passing Zone,Snow/Ice,Tree Collision With Fixed Object,1,3,1,15
1447,2015,Property Damage Accident,13:05,2015-01-03,Saturday,Y,Daylight,EDMESTON,RIGHT ANGLE,OTSEGO,Straight and Level,Snow,Stop Sign,Snow/Ice,Other Motor Vehicle Collision With,2,3,1,14
1448,2015,Property Damage Accident,2:09,2015-01-03,Saturday,Y,Dark-Road Unlighted,BURLINGTON,OTHER,OTSEGO,Straight and Grade,Cloudy,None,Dry,Deer,1,3,1,3
1449,2015,Property Damage Accident,17:55,2015-01-05,Monday,Y,Dark-Road Lighted,WHITESBORO,RIGHT ANGLE,ONEIDA,Straight and Level,Snow,Stop Sign,Snow/Ice,Other Motor Vehicle Collision With,2,5,1,18
1450,2015,Property Damage Accident,1:09,2015-01-04,Sunday,Y,Dark-Road Unlighted,HARTWICK,OTHER,OTSEGO,Straight and Grade,Rain,None,Snow/Ice,Sign Post Collision With Fixed Object,1,4,1,2
1451,2015,Property Damage Accident,12:55,2015-01-03,Saturday,Y,Daylight,PITTSFIELD,OTHER,OTSEGO,Straight and Grade,Snow,Stop Sign,Snow/Ice,Earth Embankment/Rock Cut/Ditch Collision With Fixed Object,1,3,1,13
1452,2015,Property Damage & Injury Accident,8:55,2015-01-04,Sunday,Y,Daylight,WALLKILL,OTHER,ORANGE,Straight and Grade,Cloudy,None,Slush,Fence Collision With Fixed Object,1,4,1,9
1453,2015,Property Damage Accident,12:30,2015-01-04,Sunday,Y,Daylight,WALLKILL,RIGHT ANGLE,ORANGE,Straight and Level,Fog/Smog/Smoke,Traffic Signal,Wet,Other Motor Vehicle Collision With,2,4,1,13
1454,2015,Property Damage Accident,12:34,2015-01-05,Monday,Y,Daylight,WALLKILL,RIGHT ANGLE,ORANGE,Straight and Grade,Cloudy,None,Dry,Other Motor Vehicle Collision With,2,5,1,13
1455,2015,Property Damage Accident,17:25,2015-01-05,Monday,Y,Dark-Road Unlighted,WALLKILL,LEFT TURN (3),ORANGE,Straight and Grade,Clear,Stop Sign,Dry,Other Motor Vehicle Collision With,2,5,1,18
1456,2015,Property Damage Accident,8:20,2015-01-04,Sunday,Y,Daylight,WALLKILL,OTHER,ORANGE,Straight and Grade,Rain,No Passing Zone,Wet,Tree Collision With Fixed Object,1,4,1,9
1457,2015,Property Damage Accident,17:53,2015-01-03,Saturday,Y,Dark-Road Unlighted,PRATTSVILLE,OTHER,GREENE,Curve and Grade,Sleet/Hail/Freezing Rain,None,Snow/Ice,Tree Collision With Fixed Object,1,3,1,18
1458,2015,Property Damage & Injury Accident,9:18,2015-01-06,Tuesday,Y,Daylight,ROCHESTER,REAR END,MONROE,Straight and Level,Snow,Traffic Signal,Wet,Other Motor Vehicle Collision With,2,6,1,10
1459,2015,Injury Accident,18:50,2015-01-02,Friday,Y,Dark-Road Lighted,,OTHER,MONROE,Straight and Level,Cloudy,None,Dry,Pedestrian Collision With,1,2,1,19
1460,2015,Property Damage Accident,9:42,2015-01-05,Monday,Y,Daylight,ROCHESTER,Unknown,MONROE,Straight and Level,Clear,None,Dry,Other Motor Vehicle Collision With,2,5,1,10
1461,2015,Property Damage & Injury Accident,18:33,2015-01-04,Sunday,Y,Dark-Road Lighted,ROCHESTER,REAR END,MONROE,Straight and Level,Clear,Traffic Signal,Dry,Other Motor Vehicle Collision With,2,4,1,19
1462,2015,Property Damage Accident,9:19,2015-01-06,Tuesday,Y,Daylight,ROCHESTER,REAR END,MONROE,Straight and Level,Snow,None,Snow/Ice,Other Motor Vehicle Collision With,2,6,1,10
1463,2015,Property Damage Accident,12:40,2015-01-05,Monday,Y,Daylight,ROCHESTER,REAR END,MONROE,Straight and Level,Cloudy,None,Dry,Other Motor Vehicle Collision With,2,5,1,13
1464,2015,Property Damage Accident,13:10,2015-01-03,Saturday,Y,Daylight,MCGRAW,SIDESWIPE,CORTLAND,Straight and Level,Snow,No Passing Zone,Snow/Ice,Other Motor Vehicle Collision With,2,3,1,14
1465,2015,Property Damage Accident,10:45,2015-01-04,Sunday,Y,Daylight,PREBLE,OTHER,CORTLAND,Straight and Grade,Clear,None,Snow/Ice,Overturned Non-Collision,1,4,1,11
1466,2015,Property Damage Accident,14:47,2015-01-03,Saturday,Y,Daylight,CORTLAND,OTHER,CORTLAND,Curve and Grade,Snow,None,Snow/Ice,Earth Embankment/Rock Cut/Ditch Collision With Fixed Object,1,3,1,15
1467,2015,Property Damage Accident,16:02,2015-01-03,Saturday,Y,Dusk,HOMER,OTHER,CORTLAND,Straight and Level,Sleet/Hail/Freezing Rain,None,Snow/Ice,Earth Embankment/Rock Cut/Ditch Collision With Fixed Object,1,3,1,17
1468,2015,Property Damage Accident,13:49,2015-01-03,Saturday,Y,Daylight,CORTLANDVILLE,OTHER,CORTLAND,Straight and Level,Sleet/Hail/Freezing Rain,None,Snow/Ice,Earth Embankment/Rock Cut/Ditch Collision With Fixed Object,1,3,1,14
1469,2015,Property Damage Accident,8:44,2015-01-05,Monday,Y,Daylight,CORTLANDVILLE,OTHER,CORTLAND,Straight and Grade,Cloudy,No Passing Zone,Dry,Light Support/Utility Pole Collision With Fixed Object,1,5,1,9
1470,2015,Property Damage Accident,9:50,2015-01-06,Tuesday,Y,Daylight,HEMPSTEAD,OTHER,NASSAU,Straight and Level,Snow,Other,Snow/Ice,Bridge Structure Collision With Fixed Object,1,6,1,10
1471,2015,Property Damage Accident,9:43,2015-01-06,Tuesday,Y,Daylight,HEMPSTEAD,OTHER,NASSAU,Curve and Level,Snow,None,Snow/Ice,Tree Collision With Fixed Object,1,6,1,10
1472,2015,Property Damage & Injury Accident,20:35,2015-01-06,Tuesday,Y,Dark-Road Unlighted,SOUTHEAST,OTHER,PUTNAM,Curve and Level,Clear,None,Dry,Earth Embankment/Rock Cut/Ditch Collision With Fixed Object,1,6,1,21
1473,2015,Property Damage Accident,19:00,2015-01-03,Saturday,Y,Dark-Road Unlighted,RHINEBECK,OTHER,DUTCHESS,Straight and Level,Sleet/Hail/Freezing Rain,No Passing Zone,Snow/Ice,Tree Collision With Fixed Object,1,3,1,20
1474,2015,Property Damage & Injury Accident,15:29,2015-01-03,Saturday,Y,Daylight,ALBANY,OTHER,ALBANY,Straight and Grade,Sleet/Hail/Freezing Rain,None,Snow/Ice,Other Motor Vehicle Collision With,3,3,1,16
1475,2015,Property Damage Accident,15:10,2015-01-03,Saturday,Y,Daylight,NEW WINDSOR,OTHER,ORANGE,Straight and Level,Snow,None,Snow/Ice,Guide Rail - Not At End Collision With Fixed Object,1,3,1,16
1476,2015,Property Damage Accident,17:45,2015-01-05,Monday,Y,Dark-Road Lighted,CLARENCE,OVERTAKING,ERIE,Straight and Grade,Cloudy,None,Dry,Other Motor Vehicle Collision With,2,5,1,18
1477,2015,Property Damage Accident,15:30,2015-01-03,Saturday,Y,Daylight,LIVINGSTON,OTHER,COLUMBIA,Straight and Level,Sleet/Hail/Freezing Rain,No Passing Zone,Snow/Ice,Earth Embankment/Rock Cut/Ditch Collision With Fixed Object,1,3,1,16
1478,2015,Property Damage & Injury Accident,7:52,2015-01-05,Monday,Y,Daylight,GREENBURGH,OVERTAKING,WESTCHESTER,Straight and Level,Clear,None,Dry,Other Motor Vehicle Collision With,2,5,1,8
1479,2015,Property Damage Accident,17:50,2015-01-05,Monday,Y,Dark-Road Unlighted,GREENVILLE,OTHER,ORANGE,Straight and Level,Clear,None,Dry,Deer,1,5,1,18
1480,2015,Property Damage Accident,13:41,2015-01-04,Sunday,Y,Daylight,NEWBURGH,OVERTAKING,ORANGE,Straight and Grade,Fog/Smog/Smoke,None,Wet,Other Motor Vehicle Collision With,2,4,1,14
1481,2015,Property Damage Accident,18:42,2015-01-05,Monday,Y,Dark-Road Unlighted,NEW WINDSOR,OTHER,ORANGE,Straight and Level,Cloudy,None,Dry,Guide Rail - Not At End Collision With Fixed Object,1,5,1,19
1482,2015,Property Damage & Injury Accident,19:26,2015-01-06,Tuesday,Y,Dark-Road Lighted,PLATTSBURG,OTHER,CLINTON,Straight and Level,Cloudy,Traffic Signal,Snow/Ice,Fence Collision With Fixed Object,1,6,1,20
1483,2015,Property Damage Accident,16:58,2015-01-05,Monday,Y,Dark-Road Unlighted,AUSABLE,OTHER,CLINTON,Curve and Level,Cloudy,No Passing Zone,Snow/Ice,Other* Non-Collision,1,5,1,17
1484,2015,Property Damage Accident,10:00,2015-01-04,Sunday,Y,Daylight,MALONE,OTHER,FRANKLIN,Straight and Grade,Rain,None,Slush,Tree Collision With Fixed Object,1,4,1,11
1485,2015,Property Damage Accident,21:42,2015-01-05,Monday,Y,Dark-Road Unlighted,MALONE,OTHER,FRANKLIN,Straight and Level,Clear,None,Snow/Ice,Deer,1,5,1,22
1486,2015,Property Damage & Injury Accident,7:51,2015-01-06,Tuesday,Y,Daylight,NORWICH,REAR END,CHENANGO,Straight and Grade,Cloudy,Traffic Signal,Dry,Other Motor Vehicle Collision With,2,6,1,8
1487,2015,Property Damage Accident,17:28,2015-01-05,Monday,Y,Dark-Road Lighted,VERONA,REAR END,ONEIDA,Straight and Level,Snow,Traffic Signal,Snow/Ice,Other Motor Vehicle Collision With,2,5,1,18
1488,2015,Property Damage Accident,15:47,2015-01-03,Saturday,Y,Daylight,WEBSTER,OTHER,MONROE,Curve and Level,Sleet/Hail/Freezing Rain,None,Snow/Ice,Tree Collision With Fixed Object,1,3,1,16
1489,2015,Property Damage & Injury Accident,5:50,2015-01-05,Monday,Y,Dark-Road Unlighted,PARIS,OTHER,ONEIDA,Straight and Level,Snow,No Passing Zone,Snow/Ice,Guide Rail - Not At End Collision With Fixed Object,1,5,1,6
1490,2015,Property Damage Accident,10:30,2015-01-05,Monday,Y,Daylight,ROME,REAR END,ONEIDA,Curve and Level,Snow,No Passing Zone,Snow/Ice,Other Motor Vehicle Collision With,2,5,1,11
1491,2015,Property Damage Accident,21:02,2015-01-05,Monday,Y,Dark-Road Unlighted,PERINTON,OTHER,MONROE,Straight and Level,Clear,None,Dry,Deer,1,5,1,22
1492,2015,Property Damage Accident,13:00,2015-01-05,Monday,Y,Daylight,PARIS,OTHER,ONEIDA,Straight and Grade,Snow,No Passing Zone,Snow/Ice,Guide Rail - Not At End Collision With Fixed Object,1,5,1,14
1493,2015,Property Damage & Injury Accident,17:48,2015-01-05,Monday,Y,Dark-Road Unlighted,FARMINGTON,HEAD ON,ONTARIO,Straight and Level,Clear,None,Dry,Other Motor Vehicle Collision With,2,5,1,18
1494,2015,Property Damage Accident,15:45,2015-01-06,Tuesday,Y,Dark-Road Unlighted,ALBANY,OVERTAKING,ALBANY,Straight and Level,Cloudy,None,Dry,Other Motor Vehicle Collision With,2,6,1,16
1495,2015,Property Damage Accident,11:18,2015-01-05,Monday,Y,Daylight,MARCY,OTHER,ONEIDA,Curve and Grade,Snow,None,Snow/Ice,Earth Embankment/Rock Cut/Ditch Collision With Fixed Object,1,5,1,12
1496,2015,Property Damage Accident,14:20,2015-01-03,Saturday,Y,Daylight,GALLATIN,OTHER,COLUMBIA,Straight and Grade,Snow,None,Snow/Ice,Guide Rail - Not At End Collision With Fixed Object,1,3,1,15
1497,2015,Property Damage Accident,13:15,2015-01-05,Monday,Y,Daylight,REMSEN,RIGHT TURN (5),ONEIDA,Straight and Grade,Cloudy,No Passing Zone,Snow/Ice,Other Motor Vehicle Collision With,2,5,1,14
1498,2015,Injury Accident,14:30,2015-01-03,Saturday,Y,Daylight,RED HOOK,RIGHT ANGLE,DUTCHESS,Straight and Level,Snow,Stop Sign,Snow/Ice,Other Motor Vehicle Collision With,2,3,1,15
1499,2015,Property Damage Accident,17:30,2015-01-05,Monday,Y,Dark-Road Unlighted,LYONSDALE,OTHER,LEWIS,Curve and Level,Cloudy,No Passing Zone,Snow/Ice,Tree Collision With Fixed Object,1,5,1,18