id,Year,Crash Descriptor,Time,Date,Day of Week,Police Report,Lighting Conditions,Municipality,Collision Type Descriptor,County Name,Road Descriptor,Weather Conditions,Traffic Control Device,Road Surface Conditions,Event Descriptor,Number of Vehicles Involved,day,month,hour
1500,2015,Property Damage & Injury Accident,19:32,2015-01-03,Saturday,Y,Dark-Road Unlighted,PLATTEKILL,OTHER,ULSTER,Curve and Grade,Sleet/Hail/Freezing Rain,None,Snow/Ice,Guide Rail - Not At End Collision With Fixed Object,1,3,1,20
1501,2015,Property Damage Accident,9:41,2015-01-06,Tuesday,Y,Daylight,COLONIE,OVERTAKING,ALBANY,Straight and Grade,Snow,None,Snow/Ice,Other Motor Vehicle Collision With,2,6,1,10
1502,2015,Property Damage Accident,14:35,2015-01-03,Saturday,Y,Daylight,ALBANY,OTHER,ALBANY,Straight and Level,Snow,None,Snow/Ice,Barrier Collision With Fixed Object,1,3,1,15
1503,2015,Property Damage & Injury Accident,14:45,2015-01-03,Saturday,Y,Daylight,MILAN,OTHER,DUTCHESS,Straight and Level,Snow,None,Snow/Ice,Tree Collision With Fixed Object,1,3,1,15
1504,2015,Property Damage Accident,17:04,2015-01-06,Tuesday,Y,Dark-Road Unlighted,ALBANY,REAR END,ALBANY,Straight and Level,Cloudy,None,Wet,Other Motor Vehicle Collision With,2,6,1,18
1505,2015,Property Damage Accident,9:12,2015-01-01,Thursday,Y,Daylight,TUXEDO,OTHER,ORANGE,Straight and Level,Clear,None,Dry,Tree Collision With Fixed Object,1,1,1,10
1506,2015,Property Damage Accident,18:11,2015-01-06,Tuesday,Y,Dark-Road Unlighted,ALBANY,REAR END,ALBANY,Curve and Grade,Cloudy,None,Dry,Other Motor Vehicle Collision With,2,6,1,19
1507,2015,Property Damage Accident,13:38,2015-01-03,Saturday,Y,Daylight,NEW PALTZ,REAR END,ULSTER,Straight and Level,Snow,None,Snow/Ice,Other Motor Vehicle Collision With,2,3,1,14
1508,2015,Property Damage Accident,11:31,2015-01-06,Tuesday,Y,Daylight,MAMARONECK,OTHER,WESTCHESTER,Straight and Level,Snow,None,Snow/Ice,Barrier Collision With Fixed Object,1,6,1,12
1509,2015,Property Damage Accident,3:10,2015-01-06,Tuesday,Y,Dark-Road Unlighted,FENTON,OTHER,BROOME,Straight and Level,Cloudy,No Passing Zone,Dry,Deer,1,6,1,4
1510,2015,Property Damage Accident,20:15,2015-01-04,Sunday,Y,Dark-Road Lighted,ALDEN,OTHER,ERIE,Straight and Level,Snow,None,Snow/Ice,Tree Collision With Fixed Object,1,4,1,21
1511,2015,Property Damage Accident,17:13,2015-01-05,Monday,Y,Dark-Road Unlighted,CANTON,OTHER,ST. LAWRENCE,Curve and Grade,Clear,No Passing Zone,Dry,Sign Post Collision With Fixed Object,1,5,1,18
1512,2015,Property Damage Accident,7:47,2015-01-05,Monday,Y,Daylight,GALEN,OTHER,WAYNE,Curve and Level,Cloudy,None,Snow/Ice,Earth Embankment/Rock Cut/Ditch Collision With Fixed Object,1,5,1,8
1513,2015,Property Damage & Injury Accident,12:24,2015-01-05,Monday,Y,Daylight,RENSSELAER,REAR END,RENSSELAER,Straight and Level,Cloudy,None,Dry,Other Motor Vehicle Collision With,2,5,1,13
1514,2015,Property Damage Accident,14:15,2015-01-05,Monday,Y,Daylight,POTSDAM,OTHER,ST. LAWRENCE,Curve and Level,Cloudy,None,Snow/Ice,Tree Collision With Fixed Object,1,5,1,15
1515,2015,Property Damage Accident,16:20,2015-01-06,Tuesday,Y,Daylight,WALWORTH,REAR END,WAYNE,Straight and Grade,Cloudy,No Passing Zone,Dry,Other Motor Vehicle Collision With,2,6,1,17
1516,2015,Property Damage Accident,10:41,2015-01-01,Thursday,Y,Daylight,MACOMB,OTHER,ST. LAWRENCE,Curve and Level,Snow,None,Snow/Ice,Building/Wall Collision With Fixed Object,1,1,1,11
1517,2015,Property Damage Accident,9:37,2015-01-05,Monday,Y,Daylight,OSWEGATCHIE,OTHER,ST. LAWRENCE,Straight and Grade,Clear,No Passing Zone,Wet,Sign Post Collision With Fixed Object,1,5,1,10
1518,2015,Property Damage & Injury Accident,2:27,2015-01-06,Tuesday,Y,Dark-Road Lighted,HEMPSTEAD,OTHER,NASSAU,Curve and Grade,Clear,None,Dry,Guide Rail - End Collision With Fixed Object,1,6,1,3
1519,2015,Property Damage Accident,17:42,2015-01-05,Monday,Y,Dark-Road Unlighted,SODUS,OTHER,WAYNE,Straight and Level,Cloudy,None,Dry,Deer,1,5,1,18
1520,2015,Property Damage & Injury Accident,15:26,2015-01-03,Saturday,Y,Daylight,LISBON,OTHER,ST. LAWRENCE,Straight and Level,Snow,None,Snow/Ice,Tree Collision With Fixed Object,1,3,1,16
1521,2015,Property Damage Accident,11:30,2015-01-06,Tuesday,Y,Daylight,HEMPSTEAD,OTHER,NASSAU,Curve and Grade,Snow,None,Wet,Light Support/Utility Pole Collision With Fixed Object,1,6,1,12
1522,2015,Property Damage Accident,22:45,2015-01-05,Monday,Y,Dark-Road Unlighted,GALWAY,OTHER,SARATOGA,Straight and Level,Clear,None,Dry,Deer,1,5,1,23
1523,2015,Property Damage & Injury Accident,9:31,2015-01-06,Tuesday,Y,Daylight,HEMPSTEAD,OTHER,NASSAU,Straight and Level,Snow,None,Snow/Ice,Median - Not At End Collision With Fixed Object,1,6,1,10
1524,2015,Injury Accident,17:38,2015-01-01,Thursday,Y,Dark-Road Unlighted,POTSDAM,OTHER,ST. LAWRENCE,Straight and Level,Snow,None,Snow/Ice,Light Support/Utility Pole Collision With Fixed Object,1,1,1,18
1525,2015,Property Damage & Injury Accident,7:30,2015-01-05,Monday,Y,Daylight,WAWAYANDA,REAR END,ORANGE,Straight and Level,Cloudy,Stop Sign,Dry,Other Motor Vehicle Collision With,2,5,1,8
1526,2015,Property Damage Accident,12:02,2015-01-05,Monday,Y,Daylight,MILTON,SIDESWIPE,SARATOGA,Straight and Level,Snow,Stop Sign,Snow/Ice,Other Motor Vehicle Collision With,2,5,1,13
1527,2015,Property Damage & Injury Accident,19:20,2015-01-01,Thursday,Y,Dark-Road Lighted,LOUISVILLE,OTHER,ST. LAWRENCE,Straight and Grade,Snow,None,Snow/Ice,Light Support/Utility Pole Collision With Fixed Object,1,1,1,20
1528,2015,Property Damage Accident,12:45,2015-01-03,Saturday,Y,Daylight,GREENVILLE,REAR END,ORANGE,Straight and Grade,Snow,None,Snow/Ice,Other Motor Vehicle Collision With,2,3,1,13
1529,2015,Property Damage Accident,9:34,2015-01-06,Tuesday,Y,Daylight,FREEPORT,REAR END,NASSAU,Straight and Level,Snow,Traffic Signal,Snow/Ice,Other Motor Vehicle Collision With,2,6,1,10
1530,2015,Property Damage & Injury Accident,10:30,2015-01-04,Sunday,Y,Daylight,GREENVILLE,OTHER,ORANGE,Straight and Level,Rain,None,Snow/Ice,Earth Embankment/Rock Cut/Ditch Collision With Fixed Object,1,4,1,11
1531,2015,Property Damage Accident,10:36,2015-01-06,Tuesday,Y,Daylight,HEMPSTEAD,OTHER,NASSAU,Straight and Level,Snow,None,Snow/Ice,Median - Not At End Collision With Fixed Object,1,6,1,11
1532,2015,Property Damage Accident,11:30,2015-01-04,Sunday,Y,Daylight,WAWAYANDA,OTHER,ORANGE,Straight and Grade,Cloudy,None,Snow/Ice,Tree Collision With Fixed Object,1,4,1,12
1533,2015,Property Damage Accident,7:44,2015-01-06,Tuesday,Y,Daylight,HEMPSTEAD,REAR END,NASSAU,Curve and Level,Cloudy,Stop Sign,Dry,Other Motor Vehicle Collision With,2,6,1,8
1534,2015,Property Damage & Injury Accident,10:30,2015-01-01,Thursday,Y,Daylight,COLESVILLE,OTHER,BROOME,Curve and Level,Cloudy,None,Dry,Sign Post Collision With Fixed Object,1,1,1,11
1535,2015,Property Damage Accident,19:40,2015-01-03,Saturday,Y,Dark-Road Unlighted,WAWAYANDA,OTHER,ORANGE,Curve and Grade,Rain,None,Snow/Ice,Sign Post Collision With Fixed Object,1,3,1,20
1536,2015,Property Damage Accident,9:44,2015-01-06,Tuesday,Y,Daylight,HEMPSTEAD,OTHER,NASSAU,Curve and Level,Snow,None,Snow/Ice,Guide Rail - End Collision With Fixed Object,1,6,1,10
1537,2015,Property Damage & Injury Accident,16:18,2015-01-03,Saturday,Y,Daylight,WAWAYANDA,OTHER,ORANGE,Straight and Level,Snow,No Passing Zone,Snow/Ice,Light Support/Utility Pole Collision With Fixed Object,1,3,1,17
1538,2015,Property Damage & Injury Accident,12:06,2015-01-06,Tuesday,Y,Daylight,HEMPSTEAD,OTHER,NASSAU,Curve and Level,Snow,None,Snow/Ice,Other Motor Vehicle Collision With,3,6,1,13
1539,2015,Property Damage Accident,18:24,2015-01-01,Thursday,Y,Dark-Road Unlighted,DICKINSON,OTHER,BROOME,Straight and Level,Clear,None,Dry,Guide Rail - Not At End Collision With Fixed Object,1,1,1,19
1540,2015,Property Damage Accident,18:27,2015-01-03,Saturday,Y,Dark-Road Unlighted,WAWAYANDA,OTHER,ORANGE,Straight and Level,Snow,None,Snow/Ice,Guide Rail - Not At End Collision With Fixed Object,1,3,1,19
1541,2015,Property Damage Accident,9:00,2015-01-04,Sunday,Y,Daylight,MINISINK,OTHER,ORANGE,Curve and Level,Rain,No Passing Zone,Snow/Ice,Light Support/Utility Pole Collision With Fixed Object,1,4,1,10
1542,2015,Property Damage Accident,11:00,2015-01-06,Tuesday,Y,Daylight,CHESTNUT RIDGE,OTHER,ROCKLAND,Straight and Level,Snow,None,Snow/Ice,Earth Embankment/Rock Cut/Ditch Collision With Fixed Object,1,6,1,12
1543,2015,Property Damage Accident,6:40,2015-01-06,Tuesday,Y,Dawn,WAWAYANDA,OTHER,ORANGE,Straight and Level,Clear,None,Dry,Deer,1,6,1,7
1544,2015,Property Damage Accident,12:45,2015-01-06,Tuesday,Y,Daylight,WAWAYANDA,LEFT TURN (0),ORANGE,Straight and Grade,Snow,Traffic Signal,Snow/Ice,Other Motor Vehicle Collision With,2,6,1,13
1545,2015,Property Damage Accident,17:06,2015-01-05,Monday,Y,Dark-Road Unlighted,DOVER,RIGHT ANGLE,DUTCHESS,Straight and Level,Clear,No Passing Zone,Dry,Other Motor Vehicle Collision With,2,5,1,18
1546,2015,Property Damage Accident,9:02,2015-01-06,Tuesday,Y,Daylight,GREENBURGH,REAR END,WESTCHESTER,Straight and Level,Snow,None,Snow/Ice,Other Motor Vehicle Collision With,2,6,1,10
1547,2015,Property Damage Accident,11:05,2015-01-06,Tuesday,Y,Daylight,SUFFERN,OTHER,ROCKLAND,Straight and Level,Snow,None,Snow/Ice,Guide Rail - Not At End Collision With Fixed Object,1,6,1,12
1548,2015,Property Damage Accident,12:30,2015-01-04,Sunday,Y,Daylight,INDIAN LAKE,OTHER,HAMILTON,Curve and Grade,Rain,No Passing Zone,Snow/Ice,Guide Rail - Not At End Collision With Fixed Object,1,4,1,13
1549,2015,Property Damage Accident,15:45,2015-01-05,Monday,Y,Daylight,ORANGETOWN,REAR END,ROCKLAND,Straight and Level,Cloudy,None,Dry,Other Motor Vehicle Collision With,2,5,1,16
1550,2015,Property Damage Accident,7:00,2015-01-05,Monday,Y,Dawn,DRYDEN,OTHER,TOMPKINS,Straight and Grade,Cloudy,No Passing Zone,Dry,Tree Collision With Fixed Object,1,5,1,8
1551,2015,Property Damage Accident,11:14,2015-01-06,Tuesday,Y,Daylight,RAMAPO,OTHER,ROCKLAND,Straight and Level,Snow,None,Snow/Ice,Guide Rail - Not At End Collision With Fixed Object,1,6,1,12
1552,2015,Property Damage Accident,7:10,2015-01-06,Tuesday,Y,Dawn,DRYDEN,OTHER,TOMPKINS,Straight and Level,Snow,No Passing Zone,Wet,Deer,1,6,1,8
1553,2015,Property Damage Accident,16:18,2015-01-03,Saturday,Y,Daylight,EAST FISHKILL,REAR END,DUTCHESS,Straight and Grade,Sleet/Hail/Freezing Rain,None,Snow/Ice,Other Motor Vehicle Collision With,2,3,1,17
1554,2015,Property Damage Accident,19:29,2015-01-05,Monday,Y,Dark-Road Unlighted,BARTON,OTHER,TIOGA,Curve and Grade,Clear,No Passing Zone,Dry,Guide Rail - Not At End Collision With Fixed Object,1,5,1,20
1555,2015,Injury Accident,7:02,2015-01-05,Monday,Y,Dawn,CLARKSTOWN,OVERTAKING,ROCKLAND,Curve and Level,Cloudy,None,Dry,Guide Rail - Not At End Collision With Fixed Object,2,5,1,8
1556,2015,Property Damage Accident,14:54,2015-01-06,Tuesday,Y,Daylight,LANSING,OTHER,TOMPKINS,Curve and Level,Clear,None,Snow/Ice,Earth Embankment/Rock Cut/Ditch Collision With Fixed Object,1,6,1,15
1557,2015,Property Damage Accident,9:35,2015-01-06,Tuesday,Y,Daylight,WATERTOWN,OTHER,JEFFERSON,Straight and Level,Sleet/Hail/Freezing Rain,None,Snow/Ice,Tree Collision With Fixed Object,1,6,1,10
1558,2015,Property Damage Accident,12:15,2015-01-06,Tuesday,Y,Daylight,WALLKILL,OVERTAKING,ORANGE,Straight and Grade,Snow,None,Snow/Ice,Other Motor Vehicle Collision With,2,6,1,13
1559,2015,Property Damage & Injury Accident,16:20,2015-01-06,Tuesday,Y,Daylight,GOSHEN,OVERTAKING,ORANGE,Straight and Level,Clear,None,Dry,Other Motor Vehicle Collision With,2,6,1,17
1560,2015,Property Damage & Injury Accident,8:00,2015-01-05,Monday,Y,Daylight,EAST FISHKILL,OTHER,DUTCHESS,Curve and Grade,Cloudy,None,Dry,Earth Embankment/Rock Cut/Ditch Collision With Fixed Object,1,5,1,9
1561,2015,Property Damage Accident,21:18,2015-01-03,Saturday,Y,Dark-Road Unlighted,SOUTHEAST,OTHER,PUTNAM,Curve and Level,Rain,None,Wet,Guide Rail - Not At End Collision With Fixed Object,1,3,1,22
1562,2015,Property Damage Accident,13:27,2015-01-05,Monday,Y,Daylight,ISLIP,REAR END,SUFFOLK,Straight and Grade,Clear,Traffic Signal,Dry,Other Motor Vehicle Collision With,2,5,1,14
1563,2015,Property Damage Accident,17:20,2015-01-05,Monday,Y,Dark-Road Lighted,ISLIP,REAR END,SUFFOLK,Straight and Level,Clear,None,Dry,Other Motor Vehicle Collision With,2,5,1,18
1564,2015,Property Damage Accident,17:55,2015-01-03,Saturday,Y,Dark-Road Unlighted,BATH,OTHER,STEUBEN,Curve and Grade,Sleet/Hail/Freezing Rain,None,Snow/Ice,Guide Rail - Not At End Collision With Fixed Object,1,3,1,18
1565,2015,Property Damage Accident,15:33,2015-01-06,Tuesday,Y,Daylight,BABYLON,OTHER,SUFFOLK,Straight and Level,Snow,None,Snow/Ice,Guide Rail - Not At End Collision With Fixed Object,1,6,1,16
1566,2015,Property Damage Accident,12:31,2015-01-03,Saturday,Y,Daylight,AVOCA,OTHER,STEUBEN,Curve and Level,Sleet/Hail/Freezing Rain,None,Snow/Ice,Sign Post Collision With Fixed Object,1,3,1,13
1567,2015,Property Damage & Injury Accident,14:48,2015-01-05,Monday,Y,Daylight,SCHROEPPEL,OTHER,OSWEGO,Curve and Level,Snow,No Passing Zone,Snow/Ice,Snow Embankment Collision With Fixed Object,1,5,1,15
1568,2015,Property Damage & Injury Accident,15:39,2015-01-05,Monday,Y,Daylight,SMITHTOWN,OTHER,SUFFOLK,Straight and Level,Clear,None,Dry,Barrier Collision With Fixed Object,1,5,1,16
1569,2015,Property Damage Accident,18:35,2015-01-06,Tuesday,Y,Dark-Road Lighted,HUNTINGTON,REAR END,SUFFOLK,Straight and Level,Cloudy,None,Wet,Other Motor Vehicle Collision With,2,6,1,19
1570,2015,Property Damage Accident,9:00,2015-01-06,Tuesday,Y,Daylight,ADDISON,OTHER,STEUBEN,Curve and Level,Snow,No Passing Zone,Snow/Ice,Earth Embankment/Rock Cut/Ditch Collision With Fixed Object,1,6,1,10
1571,2015,Property Damage Accident,8:30,2015-01-06,Tuesday,Y,Daylight,CORNING,OTHER,STEUBEN,Curve and Grade,Snow,None,Snow/Ice,Guide Rail - Not At End Collision With Fixed Object,1,6,1,9
1572,2015,Property Damage Accident,9:00,2015-01-06,Tuesday,Y,Daylight,CORNING,OTHER,STEUBEN,Curve and Grade,Cloudy,None,Snow/Ice,Guide Rail - Not At End Collision With Fixed Object,1,6,1,10
1573,2015,Property Damage Accident,12:45,2015-01-05,Monday,Y,Daylight,SHERIDAN,OTHER,CHAUTAUQUA,Straight and Level,Cloudy,None,Snow/Ice,Earth Embankment/Rock Cut/Ditch Collision With Fixed Object,1,5,1,13
1574,2015,Property Damage Accident,6:44,2015-01-01,Thursday,Y,Dark-Road Lighted,PLATTEKILL,OTHER,ULSTER,Straight and Level,Clear,No Passing Zone,Dry,Fence Collision With Fixed Object,1,1,1,7
1575,2015,Property Damage Accident,3:25,2015-01-06,Tuesday,Y,Dark-Road Lighted,NORTH ELBA,OTHER,ESSEX,Curve and Grade,Clear,None,Snow/Ice,Snow Embankment Collision With Fixed Object,1,6,1,4
1576,2015,Property Damage Accident,12:27,2015-01-06,Tuesday,Y,Daylight,AMHERST,OTHER,ERIE,Straight and Level,Clear,None,Dry,Building/Wall Collision With Fixed Object,1,6,1,13
1577,2015,Property Damage Accident,19:08,2015-01-06,Tuesday,Y,Dark-Road Lighted,AMHERST,OTHER,ERIE,Straight and Level,Snow,Traffic Signal,Snow/Ice,Sign Post Collision With Fixed Object,1,6,1,20
1578,2015,Injury Accident,9:57,2015-01-05,Monday,Y,Daylight,CHEEKTOWAGA,OTHER,ERIE,Straight and Level,Clear,Traffic Signal,Dry,Other Motor Vehicle Collision With,3,5,1,10
1579,2015,Property Damage Accident,21:59,2015-01-03,Saturday,Y,Dark-Road Lighted,CHEEKTOWAGA,OTHER,ERIE,Straight and Level,Rain,Stop Sign,Wet,Other Motor Vehicle Collision With,2,3,1,22
1580,2015,Property Damage & Injury Accident,18:00,2015-01-05,Monday,Y,Dark-Road Lighted,CHEEKTOWAGA,OTHER,ERIE,Straight and Grade,Clear,None,Dry,Other Motor Vehicle Collision With,3,5,1,19
1581,2015,Property Damage Accident,11:03,2015-01-05,Monday,Y,Daylight,WALLKILL,OTHER,ORANGE,Straight and Level,Clear,Traffic Signal,Dry,Other Motor Vehicle Collision With,2,5,1,12
1582,2015,Fatal Accident,11:00,2015-01-04,Sunday,Y,Daylight,MOUNT VERNON,OTHER,WESTCHESTER,Curve and Level,Cloudy,None,Wet,Guide Rail - Not At End Collision With Fixed Object,1,4,1,12
1583,2015,Fatal Accident,16:48,2015-01-03,Saturday,Y,Dark-Road Unlighted,PAVILION,OTHER,GENESEE,Curve and Grade,Sleet/Hail/Freezing Rain,None,Snow/Ice,Tree Collision With Fixed Object,1,3,1,17
1584,2015,Property Damage Accident,15:35,2015-01-03,Saturday,Y,Dusk,WOODSTOCK,OTHER,ULSTER,Curve and Grade,Sleet/Hail/Freezing Rain,None,Snow/Ice,Other Motor Vehicle Collision With,4,3,1,16
1585,2015,Property Damage Accident,12:43,2015-01-03,Saturday,Y,Daylight,COLONIE,OTHER,ALBANY,Straight and Grade,Cloudy,None,Dry,Other Motor Vehicle Collision With,3,3,1,13
1586,2015,Property Damage Accident,19:50,2015-01-03,Saturday,Y,Dark-Road Unlighted,QUEENSBURY,OVERTAKING,WARREN,Straight and Level,Snow,Traffic Signal,Snow/Ice,Other Motor Vehicle Collision With,2,3,1,20
1587,2015,Property Damage Accident,15:45,2015-01-02,Friday,Y,Daylight,FORT PLAIN,OTHER,MONTGOMERY,Straight and Level,Snow,None,Wet,Other Motor Vehicle Collision With,2,2,1,16
1588,2015,Property Damage Accident,4:00,2015-01-01,Thursday,Y,Dark-Road Lighted,NEW WINDSOR,Unknown,ORANGE,Straight and Level,Clear,None,Dry,Other Motor Vehicle Collision With,2,1,1,5
1589,2015,Property Damage Accident,14:23,2015-01-03,Saturday,Y,Daylight,NEW PALTZ,RIGHT ANGLE,ULSTER,Straight and Grade,Snow,Stop Sign,Snow/Ice,Other Motor Vehicle Collision With,2,3,1,15
1590,2015,Property Damage Accident,1:31,2015-01-04,Sunday,Y,Dark-Road Lighted,LEWISTON,OTHER,NIAGARA,Straight and Level,Rain,None,Wet,Other Motor Vehicle Collision With,3,4,1,2
1591,2015,Property Damage Accident,0:55,2015-01-05,Monday,Y,Dark-Road Lighted,HEMPSTEAD,RIGHT ANGLE,NASSAU,Straight and Level,Cloudy,Stop Sign,Dry,Other Motor Vehicle Collision With,2,5,1,1
1592,2015,Property Damage Accident,11:30,2015-01-05,Monday,Y,Daylight,OYSTER BAY,OVERTAKING,NASSAU,Straight and Level,Cloudy,None,Dry,Other Motor Vehicle Collision With,2,5,1,12
1593,2015,Property Damage Accident,10:00,2015-01-05,Monday,Y,Daylight,OYSTER BAY,OVERTAKING,NASSAU,Straight and Level,Clear,None,Dry,Other Motor Vehicle Collision With,2,5,1,11
1594,2015,Injury Accident,18:50,2015-01-03,Saturday,Y,Dark-Road Lighted,NORTH HEMPSTEAD,OTHER,NASSAU,Straight and Level,Rain,None,Wet,Pedestrian Collision With,1,3,1,19
1595,2015,Property Damage Accident,20:50,2015-01-04,Sunday,Y,Dark-Road Lighted,HEMPSTEAD,SIDESWIPE,NASSAU,Straight and Level,Rain,None,Wet,Other Motor Vehicle Collision With,2,4,1,21
1596,2015,Property Damage Accident,9:09,2015-01-03,Saturday,Y,Daylight,FARMINGDALE,REAR END,NASSAU,Straight and Level,Rain,Traffic Signal,Wet,Other Motor Vehicle Collision With,2,3,1,10
1597,2015,Property Damage Accident,8:35,2015-01-02,Friday,Y,Daylight,GREECE,REAR END,MONROE,Straight and Level,Snow,None,Wet,Other Motor Vehicle Collision With,2,2,1,9
1598,2015,Property Damage Accident,0:00,2015-01-02,Friday,Y,Dark-Road Lighted,NIAGARA FALLS,Unknown,NIAGARA,Straight and Level,Clear,None,Dry,Other Motor Vehicle Collision With,2,2,1,1
1599,2015,Property Damage Accident,17:45,2015-01-02,Friday,Y,Daylight,SYRACUSE,OVERTAKING,ONONDAGA,Straight and Level,Clear,None,Dry,Other Motor Vehicle Collision With,2,2,1,18
1600,2015,Property Damage Accident,12:30,2015-01-02,Friday,Y,Daylight,MANLIUS,REAR END,ONONDAGA,Straight and Level,Unknown,None,Unknown,Other Motor Vehicle Collision With,2,2,1,13
1601,2015,Property Damage Accident,10:15,2015-01-05,Monday,Y,Daylight,LYNBROOK,OTHER,NASSAU,Straight and Level,Clear,None,Dry,Other Motor Vehicle Collision With,3,5,1,11
1602,2015,Property Damage Accident,11:00,2015-01-01,Thursday,Y,Daylight,LIMA,OTHER,LIVINGSTON,Straight and Level,Clear,None,Snow/Ice,Fence Collision With Fixed Object,1,1,1,12
1603,2015,Property Damage Accident,7:10,2015-01-05,Monday,Y,Dawn,ROCHESTER,RIGHT ANGLE,MONROE,Straight and Level,Cloudy,None,Snow/Ice,Other Motor Vehicle Collision With,2,5,1,8
1604,2015,Property Damage & Injury Accident,14:04,2015-01-03,Saturday,Y,Daylight,GREENBURGH,OVERTAKING,WESTCHESTER,Curve and Grade,Snow,None,Snow/Ice,Other Motor Vehicle Collision With,2,3,1,15
1605,2015,Property Damage & Injury Accident,10:05,2015-01-04,Sunday,Y,Daylight,HEMPSTEAD,REAR END,NASSAU,Curve and Level,Rain,None,Wet,Other Motor Vehicle Collision With,2,4,1,11
1606,2015,Injury Accident,20:50,2015-01-04,Sunday,Y,Dark-Road Lighted,OYSTER BAY,OVERTAKING,NASSAU,Straight and Level,Rain,None,Wet,Other Motor Vehicle Collision With,2,4,1,21
1607,2015,Property Damage Accident,10:45,2015-01-05,Monday,Y,Daylight,OYSTER BAY,OVERTAKING,NASSAU,Straight and Level,Clear,None,Dry,Other Motor Vehicle Collision With,2,5,1,11
1608,2015,Property Damage Accident,7:50,2015-01-05,Monday,Y,Daylight,NORTH HILLS,OVERTAKING,NASSAU,Straight and Level,Clear,None,Dry,Other Motor Vehicle Collision With,2,5,1,8
1609,2015,Property Damage Accident,18:00,2015-01-06,Tuesday,Y,Dark-Road Lighted,BROOKHAVEN,REAR END,SUFFOLK,Straight and Level,Snow,None,Snow/Ice,Other Motor Vehicle Collision With,2,6,1,19
1610,2015,Property Damage Accident,3:00,2015-01-04,Sunday,Y,Dark-Road Lighted,HEMPSTEAD,OVERTAKING,NASSAU,Straight and Level,Rain,None,Wet,Other Motor Vehicle Collision With,2,4,1,4
1611,2015,Property Damage Accident,1:22,2015-01-06,Tuesday,Y,Dark-Road Lighted,HEMPSTEAD,REAR END,NASSAU,Straight and Level,Clear,Traffic Signal,Dry,Other Motor Vehicle Collision With,2,6,1,2
1612,2015,Property Damage Accident,14:50,2015-01-06,Tuesday,Y,Daylight,NORTH HEMPSTEAD,OVERTAKING,NASSAU,Straight and Level,Snow,None,Snow/Ice,Other Motor Vehicle Collision With,2,6,1,15
1613,2015,Property Damage Accident,2:25,2015-01-02,Friday,Y,Dark-Road Lighted,GREECE,OVERTAKING,MONROE,Straight and Level,Clear,None,Snow/Ice,Other Motor Vehicle Collision With,2,2,1,3
1614,2015,Property Damage Accident,15:48,2015-01-03,Saturday,Y,Dusk,SALINA,OTHER,ONONDAGA,Straight and Level,Sleet/Hail/Freezing Rain,Traffic Signal,Snow/Ice,Other Motor Vehicle Collision With,2,3,1,16
1615,2015,Property Damage Accident,20:16,2015-01-03,Saturday,Y,Dark-Road Lighted,SYRACUSE,OVERTAKING,ONONDAGA,Straight and Level,Sleet/Hail/Freezing Rain,None,Snow/Ice,Other Motor Vehicle Collision With,2,3,1,21
1616,2015,Property Damage Accident,11:45,2015-01-06,Tuesday,Y,Daylight,LYNBROOK,OVERTAKING,NASSAU,Straight and Level,Snow,None,Snow/Ice,Other Motor Vehicle Collision With,2,6,1,12
1617,2015,Property Damage Accident,4:36,2015-01-06,Tuesday,Y,Dark-Road Lighted,AURORA,OTHER,ERIE,Straight and Level,Clear,None,Snow/Ice,Deer,1,6,1,5
1618,2015,Property Damage Accident,18:40,2015-01-03,Saturday,Y,Dark-Road Unlighted,SCHUYLER,OTHER,HERKIMER,Straight and Level,Sleet/Hail/Freezing Rain,None,Snow/Ice,Guide Rail - Not At End Collision With Fixed Object,1,3,1,19
1619,2015,Fatal Accident,8:02,2015-01-01,Thursday,Y,Daylight,BRONX,OTHER,BRONX,Straight at Hill Crest,Clear,Traffic Signal,Dry,Other Motor Vehicle Collision With,2,1,1,9
1620,2015,Property Damage Accident,2:02,2015-01-04,Sunday,Y,Dark-Road Unlighted,,OTHER,FRANKLIN,Straight and Level,Sleet/Hail/Freezing Rain,Other,Snow/Ice,Snow Embankment Collision With Fixed Object,1,4,1,3
1621,2015,Property Damage & Injury Accident,0:53,2015-01-01,Thursday,Y,Dark-Road Unlighted,HYDE PARK,OTHER,DUTCHESS,Straight and Level,Clear,None,Dry,Other Fixed Object* Collision With Fixed Object,1,1,1,1
1622,2015,Property Damage Accident,20:05,2015-01-03,Saturday,Y,Dark-Road Unlighted,SCHUYLER,OTHER,HERKIMER,Straight and Level,Sleet/Hail/Freezing Rain,None,Snow/Ice,Earth Embankment/Rock Cut/Ditch Collision With Fixed Object,1,3,1,21
1623,2015,Property Damage Accident,23:26,2015-01-03,Saturday,Y,Dark-Road Unlighted,MINDEN,OTHER,MONTGOMERY,Straight and Grade,Rain,None,Slush,Guide Rail - Not At End Collision With Fixed Object,1,3,1,24
1624,2015,Property Damage Accident,17:59,2015-01-05,Monday,Y,Dark-Road Unlighted,SCHOHARIE,OTHER,SCHOHARIE,Straight and Grade,Snow,None,Snow/Ice,Guide Rail - Not At End Collision With Fixed Object,1,5,1,18
1625,2015,Property Damage Accident,17:29,2015-01-05,Monday,Y,Dark-Road Unlighted,ALBANY,REAR END,ALBANY,Straight and Level,Snow,None,Snow/Ice,Other Motor Vehicle Collision With,2,5,1,18