id,Year,Crash Descriptor,Time,Date,Day of Week,Police Report,Lighting Conditions,Municipality,Collision Type Descriptor,County Name,Road Descriptor,Weather Conditions,Traffic Control Device,Road Surface Conditions,Event Descriptor,Number of Vehicles Involved,day,month,hour
1626,2015,Property Damage Accident,11:10,2015-01-05,Monday,Y,Daylight,SOMERS,OTHER,WESTCHESTER,Straight and Level,Cloudy,No Passing Zone,Dry,Other Fixed Object* Collision With Fixed Object,1,5,1,12
1627,2015,Property Damage & Injury Accident,13:06,2015-01-06,Tuesday,Y,Daylight,CORTLANDT,OTHER,WESTCHESTER,Curve and Grade,Cloudy,None,Snow/Ice,Light Support/Utility Pole Collision With Fixed Object,1,6,1,14
1628,2015,Property Damage Accident,19:13,2015-01-03,Saturday,Y,Dark-Road Unlighted,PORTVILLE,OTHER,CATTARAUGUS,Straight and Level,Rain,No Passing Zone,Snow/Ice,Earth Embankment/Rock Cut/Ditch Collision With Fixed Object,1,3,1,20
1629,2015,Property Damage Accident,8:30,2015-01-05,Monday,Y,Daylight,HUMPHREY,SIDESWIPE,CATTARAUGUS,Curve and Grade,Clear,None,Snow/Ice,Other Motor Vehicle Collision With,2,5,1,9
1630,2015,Property Damage & Injury Accident,12:04,2015-01-06,Tuesday,Y,Daylight,PHILLIPSTOWN,OTHER,PUTNAM,Curve and Grade,Snow,None,Snow/Ice,Earth Embankment/Rock Cut/Ditch Collision With Fixed Object,1,6,1,13
1631,2015,Property Damage Accident,18:22,2015-01-05,Monday,Y,Dark-Road Unlighted,YONKERS,OTHER,WESTCHESTER,Straight and Level,Cloudy,None,Dry,Other Motor Vehicle Collision With,3,5,1,19
1632,2015,Property Damage Accident,20:08,2015-01-05,Monday,Y,Dark-Road Unlighted,GREENBURGH,OTHER,WESTCHESTER,Straight and Grade,Cloudy,None,Dry,Guide Rail - Not At End Collision With Fixed Object,1,5,1,21
1633,2015,Property Damage Accident,11:55,2015-01-05,Monday,Y,Daylight,EVANS,OVERTAKING,ERIE,Straight and Level,Cloudy,None,Wet,Other Motor Vehicle Collision With,2,5,1,12
1634,2015,Property Damage & Injury Accident,15:34,2015-01-03,Saturday,Y,Daylight,HERKIMER,OTHER,HERKIMER,Straight and Grade,Snow,None,Snow/Ice,Guide Rail - Not At End Collision With Fixed Object,1,3,1,16
1635,2015,Property Damage Accident,16:25,2015-01-03,Saturday,Y,Dark-Road Unlighted,WHITESTOWN,OTHER,ONEIDA,Straight and Grade,Sleet/Hail/Freezing Rain,None,Snow/Ice,Guide Rail - Not At End Collision With Fixed Object,1,3,1,17
1636,2015,Property Damage Accident,9:45,2015-01-02,Friday,Y,Daylight,COHOCTON,OTHER,STEUBEN,Curve and Grade,Snow,None,Snow/Ice,Sign Post Collision With Fixed Object,1,2,1,10
1637,2015,Property Damage & Injury Accident,10:37,2015-01-02,Friday,Y,Daylight,COHOCTON,OTHER,STEUBEN,Straight and Grade,Snow,None,Snow/Ice,Overturned Non-Collision,1,2,1,11
1638,2015,Property Damage Accident,7:30,2015-01-05,Monday,Y,Daylight,IRONDEQUOIT,REAR END,MONROE,Curve and Level,Clear,None,Dry,Other Motor Vehicle Collision With,2,5,1,8
1639,2015,Property Damage & Injury Accident,8:23,2015-01-05,Monday,Y,Daylight,BRIGHTON,OTHER,MONROE,Straight and Level,Clear,None,Dry,Other Motor Vehicle Collision With,4,5,1,9
1640,2015,Property Damage & Injury Accident,7:30,2015-01-06,Tuesday,Y,Daylight,BRUNSWICK,OTHER,RENSSELAER,Straight and Level,Clear,No Passing Zone,Dry,Other Motor Vehicle Collision With,3,6,1,8
1641,2015,Property Damage Accident,20:41,2015-01-06,Tuesday,Y,Dark-Road Unlighted,MAINE,OTHER,BROOME,Straight and Level,Clear,Other,Snow/Ice,Guide Rail - Not At End Collision With Fixed Object,1,6,1,21
1642,2015,Property Damage Accident,11:02,2015-01-06,Tuesday,Y,Daylight,MAINE,OTHER,BROOME,Curve and Level,Snow,No Passing Zone,Snow/Ice,Guide Rail - Not At End Collision With Fixed Object,1,6,1,12
1643,2015,Property Damage Accident,21:25,2015-01-06,Tuesday,Y,Dark-Road Unlighted,UNION,HEAD ON,BROOME,Curve and Level,Cloudy,None,Snow/Ice,Other Motor Vehicle Collision With,2,6,1,22
1644,2015,Property Damage & Injury Accident,15:10,2015-01-01,Thursday,Y,Daylight,HEMPSTEAD,RIGHT ANGLE,NASSAU,Straight and Level,Rain,Stop Sign,Wet,Other Motor Vehicle Collision With,2,1,1,16
1645,2015,Property Damage & Injury Accident,16:55,2015-01-06,Tuesday,Y,Dark-Road Lighted,HEMPSTEAD,REAR END,NASSAU,Straight and Level,Snow,None,Snow/Ice,Other Motor Vehicle Collision With,2,6,1,17
1646,2015,Property Damage Accident,10:00,2015-01-06,Tuesday,Y,Daylight,HEMPSTEAD,Unknown,NASSAU,Straight and Level,Unknown,None,Unknown,Other Motor Vehicle Collision With,2,6,1,11
1647,2015,Property Damage Accident,1:55,2015-01-01,Thursday,Y,Dark-Road Lighted,OYSTER BAY,OTHER,NASSAU,Straight and Level,Clear,None,Dry,Sign Post Collision With Fixed Object,1,1,1,2
1648,2015,Injury Accident,16:20,2015-01-06,Tuesday,Y,Daylight,BETHLEHEM,OTHER,ALBANY,Straight and Level,Cloudy,No Passing Zone,Wet,Other Motor Vehicle Collision With,3,6,1,17
1649,2015,Property Damage & Injury Accident,16:40,2015-01-05,Monday,Y,Daylight,BETHLEHEM,OTHER,ALBANY,Straight and Level,Clear,None,Dry,Other Motor Vehicle Collision With,3,5,1,17
1650,2015,Property Damage Accident,18:38,2015-01-03,Saturday,Y,Dark-Road Lighted,FISHKILL,OVERTAKING,DUTCHESS,Straight and Level,Rain,Other,Slush,Other Motor Vehicle Collision With,2,3,1,19
1651,2015,Property Damage Accident,6:07,2015-01-06,Tuesday,Y,Dark-Road Lighted,RIVERHEAD,OVERTAKING,SUFFOLK,Straight and Level,Clear,No Passing Zone,Dry,Other Motor Vehicle Collision With,2,6,1,7
1652,2015,Property Damage Accident,8:32,2015-01-05,Monday,Y,Daylight,ALBANY,RIGHT ANGLE,ALBANY,Straight and Level,Clear,None,Dry,Other Motor Vehicle Collision With,2,5,1,9
1653,2015,Property Damage & Injury Accident,8:00,2015-01-07,Wednesday,Y,Daylight,ALBANY,LEFT TURN (0),ALBANY,Straight and Level,Clear,None,Dry,Other Motor Vehicle Collision With,2,7,1,9
1654,2015,Property Damage Accident,12:41,2015-01-06,Tuesday,Y,Daylight,HEMPSTEAD,REAR END,NASSAU,Straight and Level,Snow,None,Wet,Other Motor Vehicle Collision With,2,6,1,13
1655,2015,Property Damage & Injury Accident,10:00,2015-01-06,Tuesday,Y,Daylight,NORTH HEMPSTEAD,OTHER,NASSAU,Straight and Level,Snow,None,Snow/Ice,Guide Rail - End Collision With Fixed Object,3,6,1,11
1656,2015,Property Damage & Injury Accident,10:10,2015-01-06,Tuesday,Y,Daylight,NORTH HEMPSTEAD,OTHER,NASSAU,Straight and Level,Snow,None,Snow/Ice,Other Motor Vehicle Collision With,3,6,1,11
1657,2015,Property Damage Accident,17:15,2015-01-06,Tuesday,Y,Dark-Road Lighted,LAKE SUCCESS,REAR END,NASSAU,Straight and Level,Cloudy,None,Snow/Ice,Other Motor Vehicle Collision With,2,6,1,18
1658,2015,Property Damage Accident,19:00,2015-01-06,Tuesday,Y,Dark-Road Lighted,OYSTER BAY,REAR END,NASSAU,Straight and Level,Clear,None,Wet,Other Motor Vehicle Collision With,2,6,1,20
1659,2015,Property Damage Accident,20:15,2015-01-03,Saturday,Y,Dark-Road Unlighted,ROSENDALE,OTHER,ULSTER,Straight and Level,Sleet/Hail/Freezing Rain,No Passing Zone,Snow/Ice,Other Fixed Object* Collision With Fixed Object,1,3,1,21
1660,2015,Property Damage & Injury Accident,0:39,2015-01-04,Sunday,Y,Dark-Road Unlighted,WEST MONROE,OTHER,OSWEGO,Curve and Level,Rain,None,Slush,Guide Rail - End Collision With Fixed Object,1,4,1,1
1661,2015,Property Damage Accident,8:14,2015-01-02,Friday,Y,Dawn,OSWEGO,OTHER,OSWEGO,Straight and Grade,Cloudy,None,Snow/Ice,Earth Embankment/Rock Cut/Ditch Collision With Fixed Object,1,2,1,9
1662,2015,Property Damage Accident,8:56,2015-01-02,Friday,Y,Daylight,OSWEGO,OTHER,OSWEGO,Straight and Level,Cloudy,None,Snow/Ice,Light Support/Utility Pole Collision With Fixed Object,1,2,1,9
1663,2015,Property Damage & Injury Accident,9:31,2015-01-02,Friday,Y,Daylight,HANNIBAL,OTHER,OSWEGO,Curve and Level,Snow,None,Snow/Ice,Earth Embankment/Rock Cut/Ditch Collision With Fixed Object,1,2,1,10
1664,2015,Property Damage Accident,11:42,2015-01-02,Friday,Y,Daylight,HANNIBAL,RIGHT ANGLE,OSWEGO,Straight and Grade,Snow,Stop Sign,Snow/Ice,Other Motor Vehicle Collision With,2,2,1,12
1665,2015,Property Damage Accident,13:57,2015-01-03,Saturday,Y,Daylight,HASTINGS,OTHER,OSWEGO,Curve and Level,Sleet/Hail/Freezing Rain,None,Snow/Ice,Snow Embankment Collision With Fixed Object,1,3,1,14
1666,2015,Property Damage Accident,22:01,2015-01-03,Saturday,Y,Dark-Road Lighted,PALERMO,OTHER,OSWEGO,Straight and Grade,Rain,None,Snow/Ice,Sign Post Collision With Fixed Object,1,3,1,23
1667,2015,Property Damage Accident,2:39,2015-01-01,Thursday,Y,Dark-Road Unlighted,WEST MONROE,OTHER,OSWEGO,Curve and Level,Clear,None,Snow/Ice,Other Fixed Object* Collision With Fixed Object,1,1,1,3
1668,2015,Property Damage Accident,10:07,2015-01-05,Monday,Y,Daylight,GRANBY,OTHER,OSWEGO,Straight and Level,Snow,Stop Sign,Snow/Ice,Guide Rail - Not At End Collision With Fixed Object,1,5,1,11
1669,2015,Property Damage Accident,16:58,2015-01-06,Tuesday,Y,Dark-Road Lighted,HUNTINGTON,REAR END,SUFFOLK,Straight and Level,Rain,None,Wet,Other Motor Vehicle Collision With,2,6,1,17
1670,2015,Property Damage Accident,18:04,2015-01-06,Tuesday,Y,Dark-Road Lighted,ISLIP,REAR END,SUFFOLK,Straight and Level,Rain,None,Wet,Other Motor Vehicle Collision With,2,6,1,19
1671,2015,Property Damage Accident,17:39,2015-01-05,Monday,Y,Dark-Road Lighted,WILTON,RIGHT ANGLE,SARATOGA,Straight and Level,Clear,Traffic Signal,Dry,Other Motor Vehicle Collision With,2,5,1,18
1672,2015,Property Damage Accident,16:00,2015-01-06,Tuesday,Y,Daylight,SARATOGA SPRINGS,OTHER,SARATOGA,Straight and Level,Snow,None,Snow/Ice,Curbing Collision With Fixed Object,1,6,1,17
1673,2015,Property Damage Accident,16:44,2015-01-06,Tuesday,Y,Dark-Road Unlighted,MALTA,LEFT TURN (3),SARATOGA,Straight and Level,Cloudy,Stop Sign,Wet,Other Motor Vehicle Collision With,2,6,1,17
1674,2015,Property Damage Accident,19:04,2015-01-03,Saturday,Y,Dark-Road Lighted,SARATOGA SPRINGS,OTHER,SARATOGA,Straight and Grade,Sleet/Hail/Freezing Rain,None,Snow/Ice,Other Fixed Object* Collision With Fixed Object,1,3,1,20
1675,2015,Property Damage & Injury Accident,21:19,2015-01-06,Tuesday,Y,Dark-Road Lighted,MALTA,RIGHT ANGLE,SARATOGA,Straight and Level,Cloudy,Traffic Signal,Wet,Other Motor Vehicle Collision With,2,6,1,22
1676,2015,Property Damage & Injury Accident,22:41,2015-01-04,Sunday,Y,Dark-Road Unlighted,SARATOGA SPRINGS,OTHER,SARATOGA,Straight and Grade,Cloudy,None,Wet,Other* Non-Collision,1,4,1,23
1677,2015,Property Damage Accident,11:39,2015-01-05,Monday,Y,Daylight,SARATOGA SPRINGS,REAR END,SARATOGA,Straight and Level,Cloudy,Traffic Signal,Wet,Other Motor Vehicle Collision With,2,5,1,12
1678,2015,Property Damage Accident,18:30,2015-01-06,Tuesday,Y,Dark-Road Lighted,SARATOGA SPRINGS,OVERTAKING,SARATOGA,Straight and Level,Cloudy,None,Snow/Ice,Other Motor Vehicle Collision With,2,6,1,19
1679,2015,Property Damage Accident,6:55,2015-01-07,Wednesday,Y,Dawn,STILLWATER,OTHER,SARATOGA,Straight and Level,Cloudy,No Passing Zone,Wet,Light Support/Utility Pole Collision With Fixed Object,1,7,1,7
1680,2015,Property Damage Accident,22:20,2015-01-06,Tuesday,Y,Dark-Road Unlighted,WILTON,OTHER,SARATOGA,Curve and Grade,Cloudy,None,Snow/Ice,Tree Collision With Fixed Object,1,6,1,23
1681,2015,Property Damage Accident,5:00,2015-01-06,Tuesday,Y,Dark-Road Lighted,SARATOGA SPRINGS,OVERTAKING,SARATOGA,Straight and Level,Cloudy,None,Wet,Other Motor Vehicle Collision With,2,6,1,6
1682,2015,Property Damage & Injury Accident,1:06,2015-01-07,Wednesday,Y,Dark-Road Lighted,EASTCHESTER,OTHER,WESTCHESTER,Curve and Grade,Cloudy,None,Wet,Guide Rail - Not At End Collision With Fixed Object,1,7,1,2
1683,2015,Property Damage Accident,18:12,2015-01-06,Tuesday,Y,Dark-Road Lighted,MOUNT VERNON,OTHER,WESTCHESTER,Curve and Grade,Cloudy,None,Wet,Guide Rail - Not At End Collision With Fixed Object,1,6,1,19
1684,2015,Property Damage & Injury Accident,19:23,2015-01-06,Tuesday,Y,Dark-Road Lighted,YONKERS,OTHER,WESTCHESTER,Straight and Level,Cloudy,None,Wet,Other Motor Vehicle Collision With,3,6,1,20
1685,2015,Property Damage Accident,23:16,2015-01-06,Tuesday,Y,Dark-Road Lighted,YONKERS,OTHER,WESTCHESTER,Curve and Level,Cloudy,None,Wet,Barrier Collision With Fixed Object,1,6,1,24
1686,2015,Property Damage Accident,10:13,2015-01-06,Tuesday,Y,Daylight,NEW ROCHELLE,OVERTAKING,WESTCHESTER,Curve and Level,Snow,None,Snow/Ice,Other Motor Vehicle Collision With,2,6,1,11
1687,2015,Property Damage & Injury Accident,12:29,2015-01-06,Tuesday,Y,Daylight,EASTCHESTER,OTHER,WESTCHESTER,Curve and Grade,Snow,None,Snow/Ice,Light Support/Utility Pole Collision With Fixed Object,1,6,1,13
1688,2015,Property Damage Accident,12:43,2015-01-06,Tuesday,Y,Daylight,MOUNT VERNON,OTHER,WESTCHESTER,Straight and Level,Snow,None,Snow/Ice,Guide Rail - Not At End Collision With Fixed Object,1,6,1,13
1689,2015,Property Damage Accident,21:50,2015-01-06,Tuesday,Y,Dark-Road Lighted,DOBBS FERRY,OTHER,WESTCHESTER,Curve and Grade,Snow,None,Snow/Ice,Earth Embankment/Rock Cut/Ditch Collision With Fixed Object,1,6,1,22
1690,2015,Property Damage Accident,20:41,2015-01-06,Tuesday,Y,Dark-Road Lighted,,HEAD ON,WESTCHESTER,Straight and Level,Clear,None,Wet,Other Motor Vehicle Collision With,2,6,1,21
1691,2015,Property Damage Accident,12:17,2015-01-06,Tuesday,Y,Daylight,WHITE PLAINS,OTHER,WESTCHESTER,Straight and Grade,Snow,None,Snow/Ice,Light Support/Utility Pole Collision With Fixed Object,1,6,1,13
1692,2015,Property Damage Accident,15:55,2015-01-06,Tuesday,Y,Dusk,WHITE PLAINS,REAR END,WESTCHESTER,Straight and Level,Snow,None,Snow/Ice,Other Motor Vehicle Collision With,2,6,1,16
1693,2015,Property Damage Accident,17:12,2015-01-06,Tuesday,Y,Dark-Road Lighted,WHITE PLAINS,RIGHT ANGLE,WESTCHESTER,Straight and Grade,Cloudy,Stop Sign,Wet,Other Motor Vehicle Collision With,2,6,1,18
1694,2015,Property Damage & Injury Accident,15:59,2015-01-06,Tuesday,Y,Dusk,WHITE PLAINS,OTHER,WESTCHESTER,Straight and Grade,Snow,Stop Sign,Wet,Other Motor Vehicle Collision With,3,6,1,16
1695,2015,Property Damage Accident,14:49,2015-01-02,Friday,Y,Daylight,MECHANICVILLE,LEFT TURN (3),SARATOGA,Straight and Level,Clear,Traffic Signal,Dry,Other Motor Vehicle Collision With,2,2,1,15
1696,2015,Property Damage Accident,12:09,2015-01-06,Tuesday,Y,Daylight,COLONIE,REAR END,ALBANY,Straight and Grade,Snow,Traffic Signal,Snow/Ice,Other Motor Vehicle Collision With,2,6,1,13
1697,2015,Property Damage Accident,11:32,2015-01-06,Tuesday,Y,Daylight,COLONIE,RIGHT ANGLE,ALBANY,Straight and Grade,Snow,Yield Sign,Snow/Ice,Other Motor Vehicle Collision With,2,6,1,12
1698,2015,Property Damage Accident,12:07,2015-01-06,Tuesday,Y,Daylight,COLONIE,RIGHT ANGLE,ALBANY,Straight and Level,Snow,Stop Sign,Snow/Ice,Other Motor Vehicle Collision With,2,6,1,13
1699,2015,Property Damage Accident,10:51,2015-01-06,Tuesday,Y,Daylight,COLONIE,RIGHT ANGLE,ALBANY,Straight and Grade,Snow,Stop Sign,Snow/Ice,Other Motor Vehicle Collision With,2,6,1,11
1700,2015,Property Damage Accident,12:16,2015-01-06,Tuesday,Y,Daylight,COLONIE,OTHER,ALBANY,Curve and Grade,Snow,Stop Sign,Snow/Ice,Light Support/Utility Pole Collision With Fixed Object,1,6,1,13
1701,2015,Property Damage Accident,18:40,2015-01-06,Tuesday,Y,Dark-Road Unlighted,COLONIE,OTHER,ALBANY,Curve and Level,Clear,None,Wet,Guide Rail - Not At End Collision With Fixed Object,1,6,1,19
1702,2015,Property Damage Accident,8:00,2015-01-06,Tuesday,Y,Daylight,HUDSON,Unknown,COLUMBIA,Straight and Level,Cloudy,None,Dry,Other Motor Vehicle Collision With,2,6,1,9
1703,2015,Property Damage Accident,16:44,2015-01-04,Sunday,Y,Dark-Road Unlighted,JOHNSBURG,OTHER,WARREN,Curve and Grade,Rain,None,Snow/Ice,Guide Rail - Not At End Collision With Fixed Object,1,4,1,17
1704,2015,Property Damage Accident,21:15,2015-01-02,Friday,Y,Dark-Road Lighted,HARRISON,REAR END,WESTCHESTER,Straight and Grade,Clear,None,Dry,Other Motor Vehicle Collision With,2,2,1,22
1705,2015,Property Damage Accident,17:13,2015-01-05,Monday,Y,Dusk,GREENBURGH,OVERTAKING,WESTCHESTER,Straight and Level,Clear,None,Dry,Other Motor Vehicle Collision With,2,5,1,18
1706,2015,Property Damage Accident,12:35,2015-01-06,Tuesday,Y,Daylight,GREENBURGH,LEFT TURN (0),WESTCHESTER,Straight and Level,Snow,Traffic Signal,Snow/Ice,Other Motor Vehicle Collision With,2,6,1,13
1707,2015,Property Damage Accident,21:59,2015-01-03,Saturday,Y,Dark-Road Unlighted,NORTH GREENBUSH,OTHER,RENSSELAER,Curve and Level,Sleet/Hail/Freezing Rain,None,Snow/Ice,Guide Rail - Not At End Collision With Fixed Object,1,3,1,22
1708,2015,Property Damage Accident,17:18,2015-01-05,Monday,Y,Dark-Road Lighted,MAMARONECK,OVERTAKING,WESTCHESTER,Straight and Level,Clear,None,Dry,Other Motor Vehicle Collision With,2,5,1,18
1709,2015,Property Damage Accident,10:27,2015-01-07,Wednesday,Y,Daylight,GREENBURGH,OVERTAKING,WESTCHESTER,Straight and Grade,Cloudy,None,Wet,Other Motor Vehicle Collision With,2,7,1,11
1710,2015,Property Damage Accident,7:50,2015-01-07,Wednesday,Y,Daylight,MALONE,OTHER,FRANKLIN,Straight and Level,Snow,None,Snow/Ice,Other Motor Vehicle Collision With,4,7,1,8
1711,2015,Property Damage & Injury Accident,15:41,2015-01-05,Monday,Y,Daylight,SULLIVAN,REAR END,MADISON,Straight and Level,Snow,None,Snow/Ice,Other Motor Vehicle Collision With,2,5,1,16
1712,2015,Property Damage & Injury Accident,13:11,2015-01-03,Saturday,Y,Daylight,ROYALTON,OTHER,NIAGARA,Curve and Level,Sleet/Hail/Freezing Rain,No Passing Zone,Snow/Ice,Earth Embankment/Rock Cut/Ditch Collision With Fixed Object,1,3,1,14
1713,2015,Property Damage Accident,15:00,2015-01-05,Monday,Y,Daylight,SULLIVAN,REAR END,MADISON,Straight and Level,Snow,None,Snow/Ice,Other Motor Vehicle Collision With,2,5,1,16
1714,2015,Property Damage Accident,13:33,2015-01-03,Saturday,Y,Daylight,NEW WINDSOR,OTHER,ORANGE,Curve and Grade,Snow,None,Snow/Ice,Earth Embankment/Rock Cut/Ditch Collision With Fixed Object,1,3,1,14
1715,2015,Property Damage Accident,11:05,2015-01-04,Sunday,Y,Daylight,LENOX,OVERTAKING,MADISON,Straight and Level,Cloudy,None,Snow/Ice,Other Motor Vehicle Collision With,2,4,1,12
1716,2015,Property Damage Accident,7:40,2015-01-06,Tuesday,Y,Dawn,MIDDLETOWN,REAR END,ORANGE,Straight and Level,Cloudy,Traffic Signal,Dry,Other Motor Vehicle Collision With,2,6,1,8
1717,2015,Property Damage Accident,14:31,2015-01-03,Saturday,Y,Daylight,PENDLETON,OTHER,NIAGARA,Curve and Level,Sleet/Hail/Freezing Rain,No Passing Zone,Snow/Ice,Light Support/Utility Pole Collision With Fixed Object,1,3,1,15
1718,2015,Property Damage Accident,16:07,2015-01-07,Wednesday,Y,Daylight,MIDDLETOWN,RIGHT ANGLE,ORANGE,Straight and Grade,Clear,Stop Sign,Dry,Other Motor Vehicle Collision With,2,7,1,17
1719,2015,Property Damage Accident,17:45,2015-01-06,Tuesday,Y,Dark-Road Lighted,WHEATFIELD,RIGHT ANGLE,NIAGARA,Straight and Level,Cloudy,Traffic Signal,Wet,Other Motor Vehicle Collision With,2,6,1,18
1720,2015,Property Damage Accident,17:51,2015-01-03,Saturday,Y,Dark-Road Unlighted,NEW WINDSOR,OTHER,ORANGE,Straight and Level,Rain,None,Slush,Fence Collision With Fixed Object,1,3,1,18
1721,2015,Property Damage & Injury Accident,19:35,2015-01-03,Saturday,Y,Dark-Road Unlighted,NEW WINDSOR,OTHER,ORANGE,Straight and Level,Rain,No Passing Zone,Snow/Ice,Light Support/Utility Pole Collision With Fixed Object,1,3,1,20
1722,2015,Property Damage Accident,14:50,2015-01-06,Tuesday,Y,Daylight,NEWBURGH,REAR END,ORANGE,Straight and Grade,Snow,None,Snow/Ice,Other Motor Vehicle Collision With,2,6,1,15
1723,2015,Injury Accident,12:50,2015-01-06,Tuesday,Y,Daylight,NEWBURGH,REAR END,ORANGE,Straight and Level,Snow,Traffic Signal,Snow/Ice,Other Motor Vehicle Collision With,2,6,1,13
1724,2015,Property Damage Accident,9:40,2015-01-07,Wednesday,Y,Daylight,NORTH CASTLE,REAR END,WESTCHESTER,Straight and Level,Clear,Yield Sign,Dry,Other Motor Vehicle Collision With,2,7,1,10
1725,2015,Property Damage Accident,15:08,2015-01-03,Saturday,Y,Daylight,NORTH CASTLE,RIGHT ANGLE,WESTCHESTER,Straight and Level,Snow,Stop Sign,Snow/Ice,Other Motor Vehicle Collision With,2,3,1,16
1726,2015,Property Damage & Injury Accident,9:56,2015-01-07,Wednesday,Y,Daylight,NORTH CASTLE,OTHER,WESTCHESTER,Curve and Grade,Clear,None,Snow/Ice,Earth Embankment/Rock Cut/Ditch Collision With Fixed Object,1,7,1,10
1727,2015,Property Damage Accident,15:02,2015-01-03,Saturday,Y,Daylight,LOWVILLE,REAR END,LEWIS,Straight and Level,Snow,Stop Sign,Snow/Ice,Other Motor Vehicle Collision With,2,3,1,16
1728,2015,Property Damage Accident,8:24,2015-01-07,Wednesday,Y,Daylight,GATES,OTHER,MONROE,Curve and Level,Cloudy,None,Snow/Ice,Guide Rail - Not At End Collision With Fixed Object,1,7,1,9
1729,2015,Property Damage & Injury Accident,7:00,2015-01-07,Wednesday,Y,Dusk,SWEDEN,REAR END,MONROE,Straight and Level,Snow,None,Snow/Ice,Other Motor Vehicle Collision With,2,7,1,8
1730,2015,Property Damage & Injury Accident,7:50,2015-01-07,Wednesday,Y,Daylight,SWEDEN,REAR END,MONROE,Straight and Level,Snow,None,Snow/Ice,Other Motor Vehicle Collision With,2,7,1,8
1731,2015,Property Damage Accident,9:34,2015-01-07,Wednesday,Y,Daylight,CLARKSON,OTHER,MONROE,Curve and Level,Cloudy,None,Snow/Ice,Tree Collision With Fixed Object,1,7,1,10
1732,2015,Injury Accident,5:39,2015-01-07,Wednesday,Y,Dark-Road Unlighted,CLARKSON,OTHER,MONROE,Straight and Level,Snow,None,Snow/Ice,Tree Collision With Fixed Object,1,7,1,6
1733,2015,Property Damage Accident,6:10,2015-01-03,Saturday,Y,Dark-Road Lighted,IRONDEQUOIT,OTHER,MONROE,Straight and Level,Cloudy,Traffic Signal,Dry,Other* Non-Collision,1,3,1,7
1734,2015,Property Damage Accident,14:47,2015-01-07,Wednesday,Y,Daylight,IRONDEQUOIT,LEFT TURN (3),MONROE,Straight and Level,Snow,Traffic Signal,Snow/Ice,Other Motor Vehicle Collision With,2,7,1,15
1735,2015,Property Damage Accident,7:18,2015-01-03,Saturday,Y,Dawn,BROCKPORT,OTHER,MONROE,Straight and Grade,Cloudy,Other,Dry,Bridge Structure Collision With Fixed Object,1,3,1,8
1736,2015,Property Damage Accident,22:15,2015-01-06,Tuesday,Y,Dark-Road Lighted,IRONDEQUOIT,RIGHT ANGLE,MONROE,Straight and Level,Snow,Traffic Signal,Snow/Ice,Other Motor Vehicle Collision With,2,6,1,23
1737,2015,Injury Accident,16:50,2015-01-06,Tuesday,Y,Dark-Road Lighted,OGDEN,RIGHT ANGLE,MONROE,Straight and Level,Cloudy,Traffic Signal,Wet,Other Motor Vehicle Collision With,2,6,1,17
1738,2015,Property Damage Accident,9:23,2015-01-07,Wednesday,Y,Daylight,MONROE,REAR END,ORANGE,Straight and Level,Cloudy,None,Dry,Other Motor Vehicle Collision With,2,7,1,10
1739,2015,Property Damage Accident,18:24,2015-01-06,Tuesday,Y,Dark-Road Unlighted,LANSING,OTHER,TOMPKINS,Straight at Hill Crest,Cloudy,None,Wet,Deer,1,6,1,19
1740,2015,Property Damage Accident,21:28,2015-01-05,Monday,Y,Dark-Road Unlighted,LANSING,OTHER,TOMPKINS,Straight and Level,Cloudy,None,Dry,Deer,1,5,1,22
1741,2015,Property Damage & Injury Accident,18:57,2015-01-06,Tuesday,Y,Dark-Road Unlighted,LANSING,REAR END,TOMPKINS,Straight and Grade,Cloudy,Traffic Signal,Snow/Ice,Other Motor Vehicle Collision With,2,6,1,19
1742,2015,Property Damage Accident,7:08,2015-01-05,Monday,Y,Dawn,CAROLINE,OTHER,TOMPKINS,Straight and Level,Clear,None,Dry,Tree Collision With Fixed Object,1,5,1,8
1743,2015,Property Damage Accident,16:00,2015-01-06,Tuesday,Y,Daylight,SOUTHEAST,OTHER,PUTNAM,Curve and Grade,Cloudy,None,Snow/Ice,Earth Embankment/Rock Cut/Ditch Collision With Fixed Object,1,6,1,17
1744,2015,Property Damage Accident,16:29,2015-01-02,Friday,Y,Dusk,POTSDAM,OVERTAKING,ST. LAWRENCE,Straight and Level,Clear,None,Dry,Other Motor Vehicle Collision With,2,2,1,17
1745,2015,Property Damage Accident,17:51,2015-01-06,Tuesday,Y,Dark-Road Unlighted,ITHACA,OTHER,TOMPKINS,Straight and Level,Clear,None,Snow/Ice,Deer,1,6,1,18
1746,2015,Property Damage & Injury Accident,16:42,2015-01-05,Monday,Y,Dusk,TICONDEROGA,OTHER,ESSEX,Straight and Level,Clear,Other,Snow/Ice,Tree Collision With Fixed Object,1,5,1,17
1747,2015,Property Damage Accident,9:23,2015-01-05,Monday,Y,Daylight,POUGHKEEPSIE,RIGHT ANGLE,DUTCHESS,Curve and Level,Cloudy,Traffic Signal,Dry,Other Motor Vehicle Collision With,2,5,1,10
1748,2015,Property Damage Accident,15:08,2015-01-05,Monday,Y,Daylight,POUGHKEEPSIE,OTHER,DUTCHESS,Straight and Level,Cloudy,None,Dry,Other Motor Vehicle Collision With,3,5,1,16
1749,2015,Property Damage Accident,0:14,2015-01-03,Saturday,Y,Dark-Road Lighted,POTSDAM,SIDESWIPE,ST. LAWRENCE,Straight and Grade,Cloudy,None,Dry,Other Motor Vehicle Collision With,2,3,1,1